,,,,,1.0,0.355559,0.277779,0.151852,135.222,128.444,145.889,131.333,-20.3333,,-11.6667,,0.119532,-2.2702299999999997,1
,,,,,1.27778,1.26296,2.72222,2.9963,3.96296,1.44444,6.44444,4.0,-7.555560000000001,,0.11111099999999999,,0.806658,-2.61865,2
,,,,,1.0,0.311116,2.88889,5.05185,143.444,136.889,150.889,142.556,-19.6667,,-2.66667,,0.09277300000000001,-2.52165,1
,,,,,2.0,2.08889,0.9444450000000001,0.418519,51.5926,47.7778,61.2222,45.7778,-11.4444,,-17.4444,,0.252103,-1.96125,3
,,,,,1.66667,1.4666700000000001,1.33333,1.0222200000000001,18.6296,19.7778,22.2222,13.8889,3.44444,,-14.2222,,0.374312,-1.33379,0
,,,,,1.33333,0.21081799999999998,2.55556,1.6420400000000002,5.88889,3.22222,7.77778,6.66667,-8.0,,2.33333,,0.609788,-2.86995,2
,,,,,0.22222199999999998,0.0296296,0.44444399999999995,0.0740741,0.8888889999999999,0.0,2.44444,0.22222199999999998,-2.66667,,-2.0,,1.0,-2.1617599999999997,2
,,,,,0.277778,0.250924,0.666667,0.557773,6.40741,4.11111,11.4444,3.66667,-6.888889999999999,,-8.22222,,0.680808,-2.03415,4
,,,,,1.27778,0.443053,1.27778,1.04172,14.5185,11.1111,14.5556,17.8889,-10.2222,,10.1111,,0.378473,2.6341799999999997,6
,,,,,3.88889,4.19347,2.11111,2.39134,12.1852,6.66667,20.8889,9.0,-16.5556,,-9.55556,,0.695755,-2.26899,2
,,,,,0.722223,0.327728,0.722223,0.389679,70.3704,60.0,90.1111,61.0,-31.1111,,-28.1111,,0.335387,-2.1288,3
,,,,,0.77778,0.27216799999999997,0.555556,0.620632,129.259,118.333,144.0,125.444,-32.7778,,-11.4444,,0.17818,-2.3824400000000003,1
,,,,,3.05556,1.06284,6.11111,5.2182,57.3333,51.0,70.0,51.0,-19.0,,-19.0,,0.279561,-2.1120900000000002,5
,,,,,1.05556,0.15185099999999999,1.38889,0.5074069999999999,22.5926,20.0,31.1111,16.6667,-7.77778,,-17.7778,,0.46275200000000005,-1.8424900000000002,0
,,,,,0.9444440000000001,0.44305200000000006,0.8888879999999999,0.58373,114.259,101.0,132.333,109.444,-39.7778,,-14.4444,,0.236733,-2.3759799999999998,1
,,,,,0.833333,0.07777819999999999,11.4444,90.8296,39.2222,35.7778,47.5556,34.3333,-10.3333,,-14.6667,,0.282411,-1.9850299999999999,3
,,,,,0.44444399999999995,0.17213299999999998,0.166667,0.18257400000000001,0.777778,0.0,2.33333,0.0,-2.33333,,-2.33333,,1.0,-2.0944,4
,,,,,0.9444450000000001,0.827759,0.833333,0.6912149999999999,1.77778,0.44444399999999995,3.88889,1.0,-4.0,,-2.33333,,0.923809,-2.2375599999999998,2
,,,,,3.94444,2.70322,2.27778,1.9710900000000002,56.3704,48.5556,72.7778,47.7778,-23.4444,,-25.7778,,0.344409,-2.06061,3
,,,,,3.44444,1.2232299999999998,0.722222,0.38968200000000003,20.8519,16.8889,28.4444,17.2222,-11.8889,,-10.8889,,0.414807,-2.12569,4
,,,,,0.22222199999999998,0.0740741,0.5,0.07777780000000001,4.14815,3.88889,6.66667,1.8888900000000002,-0.777778,,-6.77778,,0.713228,-1.47564,0
,,,,,6.66667,7.865539999999999,9.44444,12.33,34.7037,20.5556,57.3333,26.2222,-42.4444,,-25.4444,,0.651133,-2.25556,2
,,,,,0.8888889999999999,0.562963,7.555560000000001,4.60741,14.0741,11.6667,16.7778,13.7778,-7.22222,,-0.8888889999999999,,0.31450700000000004,-3.0150799999999998,6
,,,,,1.9444400000000002,0.774075,1.44444,0.6518510000000001,55.3704,50.3333,66.8889,48.8889,-15.1111,,-19.4444,,0.268621,-2.00619,3
,,,,,3.55556,1.85185,3.0,3.8666699999999996,24.8148,24.3333,31.5556,18.5556,-1.44444,,-18.7778,,0.41209399999999996,-1.62045,0
,,,,,0.777777,0.272165,0.44444399999999995,0.403686,112.22200000000001,98.3333,130.889,107.444,-41.6667,,-14.3333,,0.248698,-2.38614,1
,,,,,2.22222,2.51852,2.11111,3.14074,20.0,20.0,25.1111,14.8889,0.0,,-15.3333,,0.40815500000000005,-1.55762,0
,,,,,0.388889,0.38968200000000003,1.05556,0.64693,24.2593,17.2222,26.0,29.5556,-21.1111,,15.8889,,0.417328,2.84342,6
,,,,,3.7222199999999996,20.9518,4.11111,19.4963,4.88889,2.22222,9.11111,3.33333,-8.0,,-4.66667,,0.864664,-2.21647,2
,,,,,0.166667,0.0333333,2.11111,4.34074,1.40741,1.0,2.44444,0.777778,-1.22222,,-1.8888900000000002,,0.43915299999999996,-2.00027,4
,,,,,2.0,1.28236,3.55556,3.07439,50.5556,45.7778,62.1111,43.7778,-14.3333,,-20.3333,,0.296547,-1.9786599999999999,5
,,,,,2.5,6.07777,1.55556,0.785184,66.2593,60.2222,79.6667,58.8889,-18.1111,,-22.1111,,0.260329,-2.0277700000000003,3
,,,,,2.16667,0.6912149999999999,2.38889,1.58348,12.8519,10.4444,12.7778,15.3333,-7.22222,,7.444439999999999,,0.322069,2.6282099999999997,6
,,,,,1.05556,0.462963,1.0,0.488889,23.037,21.6667,30.0,17.4444,-4.11111,,-16.7778,,0.418746,-1.74125,0
,,,,,0.777779,0.60741,0.777779,0.429629,103.259,88.7778,126.333,94.6667,-43.4444,,-25.7778,,0.297205,-2.2572200000000002,1
,,,,,1.11111,0.45542,0.555555,0.344265,28.7407,24.5556,35.8889,25.7778,-12.5556,,-8.88889,,0.31548400000000004,-2.20267,4
,,,,,0.777778,0.785184,1.11111,0.562962,19.5556,15.1111,18.8889,24.6667,-13.3333,,15.3333,,0.387467,2.5043900000000003,6
,,,,,0.9444440000000001,0.6116159999999999,5.11111,4.71247,43.1481,36.8889,55.8889,36.6667,-18.7778,,-19.4444,,0.347454,-2.08184,3
,,,,,2.27778,1.5296299999999998,2.83333,0.61111,4.85185,2.88889,8.55556,3.11111,-5.88889,,-5.22222,,0.709751,-2.1239,3
,,,,,4.22222,1.29386,1.5,0.722649,26.4444,23.4444,32.3333,23.5556,-9.0,,-8.66667,,0.2851,-2.10049,3
,,,,,0.8888889999999999,1.2740799999999999,1.55556,1.58518,59.5556,54.2222,71.3333,53.1111,-16.0,,-19.3333,,0.255329,-2.03087,3
,,,,,0.722222,0.37407399999999996,0.8888889999999999,0.429629,6.03704,7.0,7.66667,3.44444,2.88889,,-7.77778,,0.562919,-1.17577,0
,,,,,0.833335,0.623609,2.05556,1.35674,122.667,111.556,138.667,117.77799999999999,-33.3333,,-14.6667,,0.195416,-2.33451,1
,,,,,5.5,1.8227,2.61111,3.23465,53.5926,47.3333,66.8889,46.5556,-18.7778,,-21.1111,,0.303602,-2.05255,5
,,,,,0.0,0.0,0.0,0.0,0.0,0.0,0.0,0.0,0.0,,0.0,,0.0,0.0,2
,,,,,1.27778,0.9981459999999999,1.33333,0.816497,13.3704,11.5556,10.4444,18.1111,-5.44444,,14.2222,,0.43024300000000004,1.9567700000000001,6
,,,,,1.27778,0.9981450000000001,1.61111,1.12382,49.4815,44.7778,60.6667,43.0,-14.1111,,-19.4444,,0.290788,-1.9876,5
,,,,,2.44444,2.34442,2.83333,1.7224,11.7037,9.44444,8.55556,17.1111,-6.77778,,16.2222,,0.517717,2.01123,6
,,,,,2.0,1.28236,2.16667,0.7527729999999999,57.2593,50.8889,71.2222,49.6667,-19.1111,,-22.7778,,0.302671,-2.03737,5
,,,,,1.05555,0.41852,0.777778,0.474074,38.8889,34.5556,48.4444,33.6667,-13.0,,-15.6667,,0.30387600000000003,-2.0280400000000003,3
,,,,,1.0,1.0222200000000001,1.16667,0.21111100000000002,137.889,131.444,147.889,134.333,-19.3333,,-10.6667,,0.11121800000000001,-2.2751099999999997,1
,,,,,0.611111,0.551852,1.0,0.666664,113.185,106.889,127.556,105.111,-18.8889,,-24.2222,,0.176789,-2.01531,1
,,,,,1.77778,0.9185190000000001,1.83333,1.8111099999999998,8.259260000000001,3.7777800000000004,13.3333,7.66667,-13.4444,,-1.77778,,0.723011,-2.52021,2
,,,,,0.611111,0.37407399999999996,0.5,0.3,1.37037,0.0,3.88889,0.22222199999999998,-4.11111,,-3.44444,,1.0,-2.1303400000000003,2
,,,,,0.611111,0.10740699999999999,0.777778,0.562963,6.77778,5.44444,11.0,3.88889,-4.0,,-8.66667,,0.643678,-1.7833900000000003,0
,,,,,0.333333,0.08888889999999999,0.5,0.07777780000000001,1.14815,0.22222199999999998,3.0,0.22222199999999998,-2.77778,,-2.77778,,1.0,-2.05729,2
,,,,,1.55556,0.834443,1.16667,0.623609,10.4815,8.66667,6.66667,16.1111,-5.44444,,16.8889,,0.5876600000000001,1.8704900000000002,6
,,,,,1.83333,3.5444400000000003,2.22222,3.71852,3.66667,1.0,7.888889999999999,2.11111,-8.0,,-4.66667,,0.9035709999999999,-2.2555400000000003,2
,,,,,2.72222,2.24516,6.05556,2.81596,50.0741,45.6667,60.2222,44.3333,-13.2222,,-17.2222,,0.26619499999999996,-2.02881,5
,,,,,1.05556,0.774073,2.94444,2.55185,25.0741,22.3333,34.3333,18.5556,-8.22222,,-19.5556,,0.45942700000000003,-1.83633,0
,,,,,0.22222199999999998,0.0296296,0.833333,0.166667,3.59259,2.66667,5.77778,2.33333,-2.77778,,-3.7777800000000004,,0.599735,-1.9978,4
,,,,,0.9444450000000001,0.82776,1.38889,0.9525790000000001,52.4074,47.3333,64.5556,45.3333,-15.2222,,-21.2222,,0.29773299999999997,-1.9859,5
,,,,,0.722223,0.5741350000000001,1.16667,1.04881,123.815,113.444,138.111,119.889,-31.1111,,-11.7778,,0.178428,-2.36728,1
,,,,,2.33333,1.76383,2.44444,1.6953099999999999,14.7778,12.1111,12.2222,20.0,-8.0,,15.6667,,0.42939799999999995,2.11262,6
,,,,,5.66667,46.9333,5.94444,60.063,6.962960000000001,3.33333,12.7778,4.77778,-10.8889,,-6.555560000000001,,0.822893,-2.2401299999999997,2
,,,,,0.055555600000000004,0.13608299999999998,0.055555600000000004,0.13608299999999998,0.037037,0.0,0.11111099999999999,0.0,-0.11111099999999999,,-0.11111099999999999,,0.11111099999999999,-2.0944,2
,,,,,0.277778,0.151852,0.5,0.122222,5.44444,6.44444,7.0,2.88889,3.0,,-7.66667,,0.60119,-1.18139,0
,,,,,2.05556,0.5962970000000001,2.66667,1.86667,17.7778,15.0,16.5556,21.7778,-8.33333,,12.0,,0.315256,2.33747,6
,,,,,2.16667,1.06979,1.66667,1.17379,49.4444,45.0,61.0,42.3333,-13.3333,,-21.3333,,0.305962,-1.9426599999999998,5
,,,,,3.5,4.077780000000001,8.33333,53.9556,39.3333,35.4444,47.7778,34.7778,-11.6667,,-13.6667,,0.272752,-2.04675,3
,,,,,0.388889,0.151852,0.388889,0.0629629,1.40741,0.0,4.11111,0.11111099999999999,-4.22222,,-3.88889,,1.0,-2.1137200000000003,2
,,,,,0.277778,0.10740699999999999,0.833333,0.5222220000000001,6.11111,7.555560000000001,7.22222,3.55556,4.33333,,-7.66667,,0.532628,-0.9659459999999999,0
,,,,,0.166667,0.07777780000000001,0.333333,0.08888889999999999,0.44444399999999995,0.0,1.33333,0.0,-1.33333,,-1.33333,,0.777778,-2.0944,2
,,,,,0.666668,0.557772,0.666668,0.699205,113.741,100.111,132.0,109.111,-40.8889,,-13.8889,,0.241576,-2.38903,1
,,,,,0.722222,0.0629629,0.666667,0.0444444,5.25926,6.555560000000001,6.11111,3.11111,3.88889,,-6.44444,,0.534392,-0.91061,0
,,,,,1.05555,0.32963000000000003,0.8888889999999999,0.34074,107.148,94.1111,128.222,99.1111,-39.1111,,-24.1111,,0.266023,-2.24795,1
,,,,,1.77778,1.04704,1.9444400000000002,1.51168,14.7407,12.6667,11.5556,20.0,-6.22222,,15.7778,,0.42312299999999997,1.9665400000000002,6
,,,,,0.9444469999999999,0.5741350000000001,1.16667,0.809667,107.63,93.8889,125.22200000000001,103.77799999999999,-41.2222,,-11.5556,,0.250143,-2.42468,1
,,,,,1.11111,0.720082,0.666667,0.421637,22.5556,13.0,36.0,18.6667,-28.6667,,-11.6667,,0.638541,-2.35462,2
,,,,,0.333333,0.0444445,0.666667,0.13333299999999998,4.51852,6.11111,5.44444,2.0,4.77778,,-7.555560000000001,,0.674074,-0.87829,0
,,,,,1.0,0.22222199999999998,6.22222,33.3185,29.0741,26.3333,35.2222,25.6667,-8.22222,,-10.2222,,0.271208,-2.04915,5
,,,,,6.72222,3.70835,2.66667,3.19722,15.5185,9.0,25.3333,12.2222,-19.5556,,-9.88889,,0.660813,-2.3075099999999997,2
,,,,,0.999999,1.4666700000000001,1.11111,0.11851800000000001,128.0,117.77799999999999,142.333,123.889,-30.6667,,-12.3333,,0.172504,-2.35455,1
,,,,,2.33333,2.13957,1.16667,1.06979,48.6667,41.5556,62.5556,41.8889,-21.3333,,-20.3333,,0.339145,-2.11179,3
,,,,,2.33333,2.56472,1.55556,1.2049299999999998,50.4444,44.8889,62.3333,44.1111,-16.6667,,-19.0,,0.292125,-2.0487,5
,,,,,2.44444,1.68215,1.83333,1.04881,48.2222,42.5556,60.4444,41.6667,-17.0,,-19.6667,,0.310818,-2.0442400000000003,3
,,,,,2.55555,1.57292,2.0,1.17379,49.5185,45.1111,61.1111,42.3333,-13.2222,,-21.5556,,0.307257,-1.94081,5
,,,,,0.9444450000000001,0.596296,1.83333,0.655555,15.1111,11.2222,14.2222,19.8889,-11.6667,,14.3333,,0.43576899999999996,2.4616,6
,,,,,2.33333,0.9189379999999999,1.0,0.9189379999999999,50.7778,46.0,62.3333,44.0,-14.3333,,-20.3333,,0.294056,-1.98088,5
,,,,,1.66667,1.77778,1.0,0.177777,7.629630000000001,3.11111,13.8889,5.88889,-13.5556,,-5.22222,,0.779866,-2.36078,2
,,,,,3.2777800000000004,0.928958,1.44444,0.860663,39.037,33.5556,49.7778,33.7778,-16.4444,,-15.7778,,0.33502600000000005,-2.10623,3
,,,,,1.27778,0.95258,1.44445,1.10889,70.5185,62.4444,86.5556,62.5556,-24.2222,,-23.8889,,0.286238,-2.09852,3
,,,,,0.22222199999999998,0.0296296,0.055555600000000004,0.0185185,0.518518,0.0,1.55556,0.0,-1.55556,,-1.55556,,1.0,-2.0944,4
,,,,,5.05556,2.55096,1.9444400000000002,1.87873,37.4444,32.3333,47.5556,32.4444,-15.3333,,-15.0,,0.321825,-2.10069,3
,,,,,2.61111,1.3066799999999998,3.11111,3.00863,52.1111,46.0,64.8889,45.4444,-18.3333,,-20.0,,0.29928499999999997,-2.06335,5
,,,,,2.66667,0.8944270000000001,0.5,0.547722,14.4444,11.0,21.0,11.3333,-10.3333,,-9.33333,,0.476783,-2.12846,4
,,,,,0.055555600000000004,0.0185185,0.11111099999999999,0.0296296,1.2963,0.0,3.88889,0.0,-3.88889,,-3.88889,,1.0,-2.0944,4
,,,,,1.22222,0.562963,3.0,1.8666599999999998,22.3333,18.3333,21.4444,27.2222,-12.0,,14.6667,,0.327383,2.45383,6
,,,,,1.61111,1.20031,5.38889,3.04351,41.2963,37.1111,50.4444,36.3333,-12.5556,,-14.8889,,0.28056,-2.03757,5
,,,,,3.55556,7.5407399999999996,4.94444,6.41852,21.2593,17.4444,18.7778,27.5556,-11.4444,,18.8889,,0.394886,2.24309,6
,,,,,1.05556,0.774071,1.61111,0.41851700000000003,100.444,86.2222,122.22200000000001,92.8889,-42.6667,,-22.6667,,0.294515,-2.2881299999999998,1
,,,,,0.055555600000000004,0.13608299999999998,0.22222199999999998,0.27216599999999996,1.18519,0.666667,2.88889,0.0,-1.55556,,-3.55556,,1.0,-1.86115,4
,,,,,4.27778,3.7913099999999997,3.44444,4.0368699999999995,58.4815,52.4444,71.6667,51.3333,-18.1111,,-21.4444,,0.287107,-2.03464,5
,,,,,0.94444,0.77407,1.38889,1.04074,135.778,129.444,146.667,131.222,-19.0,,-13.6667,,0.11873299999999999,-2.18742,1
,,,,,3.55556,1.8094400000000002,1.38889,1.3066799999999998,28.8519,24.8889,36.7778,24.8889,-11.8889,,-11.8889,,0.331663,-2.09439,3
,,,,,6.66667,1.3824299999999998,1.33333,1.01105,38.7778,33.2222,49.2222,33.8889,-16.6667,,-14.6667,,0.325768,-2.12952,3
,,,,,2.55556,1.65552,2.27778,1.59745,29.5926,25.4444,38.2222,25.1111,-12.4444,,-13.4444,,0.349325,-2.06472,3
,,,,,0.388889,0.062963,0.388889,0.062963,1.0,0.0,3.0,0.0,-3.0,,-3.0,,1.0,-2.0944,2
,,,,,1.77778,1.2049299999999998,1.5,0.691214,14.5556,12.1111,11.7778,19.7778,-7.33333,,15.6667,,0.41157299999999997,2.05567,6
,,,,,3.05556,2.3037799999999997,5.72222,6.07149,48.2222,43.8889,58.6667,42.1111,-13.0,,-18.3333,,0.279764,-1.9649,5
,,,,,1.38889,1.5296299999999998,1.8888900000000002,1.0963,18.963,20.2222,22.7778,13.8889,3.7777800000000004,,-15.2222,,0.388385,-1.33413,0
,,,,,0.0,0.0,0.0,0.0,0.0,0.0,0.0,0.0,0.0,,0.0,,0.0,0.0,2
,,,,,1.33333,0.8692280000000001,2.22222,1.6688900000000002,61.5926,55.0,75.6667,54.1111,-19.7778,,-22.4444,,0.287526,-2.04874,5
,,,,,0.333333,0.177778,0.388889,0.10740699999999999,0.703704,0.11111099999999999,1.8888900000000002,0.11111099999999999,-1.77778,,-1.77778,,0.9629629999999999,-2.0944,2
,,,,,0.833334,0.3,2.94444,7.618519999999999,24.2963,19.2222,24.2222,29.4444,-15.2222,,15.4444,,0.350043,2.6043,6
,,,,,0.277778,0.0629629,0.555556,0.11851800000000001,5.48148,6.555560000000001,6.66667,3.22222,3.22222,,-6.77778,,0.545855,-1.05335,0
,,,,,0.72222,0.15185099999999999,1.05555,1.39629,112.296,103.889,128.0,105.0,-25.2222,,-21.8889,,0.188313,-2.14142,1
,,,,,0.388889,0.151852,0.722222,0.196296,6.07407,7.66667,7.0,3.55556,4.77778,,-7.555560000000001,,0.537698,-0.87829,0
,,,,,0.44444399999999995,0.501848,0.833333,0.809664,1.14815,0.22222199999999998,2.66667,0.555556,-2.77778,,-1.77778,,0.95,-2.20059,2
,,,,,1.77778,1.74695,0.9444440000000001,0.800463,5.03704,2.88889,9.55556,2.66667,-6.44444,,-7.111110000000001,,0.740904,-2.06534,4
,,,,,0.722222,0.49065299999999995,0.44444399999999995,0.344265,1.03704,0.777778,1.8888900000000002,0.44444399999999995,-0.777778,,-1.77778,,0.814815,-1.8388799999999998,4
,,,,,1.66667,0.843274,1.11111,0.9813069999999999,1.77778,1.11111,3.22222,1.0,-2.0,,-2.33333,,0.612963,-2.04515,4
,,,,,4.22222,18.163,1.72222,3.17407,4.2963,2.55556,7.66667,2.66667,-5.22222,,-4.88889,,0.815344,-2.0958099999999997,4
,,,,,1.27778,1.48519,1.66667,3.6888900000000002,23.8889,23.1111,30.4444,18.1111,-2.33333,,-17.3333,,0.405022,-1.6640099999999998,0
,,,,,0.388889,0.151852,0.388889,0.062963,6.11111,8.0,6.77778,3.55556,5.66667,,-7.66667,,0.555776,-0.761648,0
,,,,,1.77778,2.12568,2.94444,3.42161,3.85185,1.8888900000000002,6.22222,3.44444,-5.88889,,-1.22222,,0.799074,-2.4979299999999998,2
,,,,,0.388889,0.151852,0.333333,0.177778,6.77778,7.77778,8.55556,4.0,3.0,,-8.33333,,0.5385800000000001,-1.21036,0
,,,,,1.11111,0.9813069999999999,1.61111,1.06284,8.7037,3.66667,15.8889,6.555560000000001,-15.1111,,-6.44444,,0.772831,-2.343,2
,,,,,2.05556,1.12382,1.83333,1.06979,60.4444,53.6667,74.7778,52.8889,-20.3333,,-22.6667,,0.292692,-2.05821,5
,,,,,3.7777800000000004,6.87407,8.55556,73.6741,29.6296,26.1111,36.8889,25.8889,-10.5556,,-11.2222,,0.30039,-2.16066,5
,,,,,1.61111,0.64693,3.16667,1.7224,15.2963,14.7778,12.8889,18.2222,-1.55556,,8.77778,,0.312227,1.78351,6
,,,,,9.5,222.7,8.77778,105.541,13.4074,8.77778,19.8889,11.5556,-13.8889,,-5.55556,,0.630945,-2.36358,2
,,,,,0.777779,0.785184,1.66667,3.11111,49.8519,46.0,59.5556,44.0,-11.5556,,-17.5556,,0.26060500000000003,-1.95852,3
,,,,,0.888891,1.05185,1.8888900000000002,2.16297,130.148,119.667,145.333,125.444,-31.4444,,-14.1111,,0.176494,-2.32497,1
,,,,,24.3333,442.17800000000005,22.1111,263.096,42.5556,34.8889,51.7778,41.0,-23.0,,-4.66667,,0.366946,-2.47648,2
,,,,,0.9444440000000001,0.49065299999999995,2.05556,1.70511,16.9259,13.4444,15.5556,21.7778,-10.4444,,14.5556,,0.38463800000000004,2.36358,6
,,,,,0.555556,0.11851800000000001,0.22222199999999998,0.0740741,0.703704,0.333333,1.77778,0.0,-1.11111,,-2.11111,,0.8888889999999999,-1.9212200000000001,4
,,,,,2.77778,1.3185200000000001,1.77778,1.0963,11.7037,8.33333,11.0,15.7778,-10.1111,,12.2222,,0.473944,2.47661,6
,,,,,0.388889,0.062963,0.444445,0.251852,5.77778,7.444439999999999,6.77778,3.11111,5.0,,-8.0,,0.581349,-0.895807,0
,,,,,0.722222,0.196296,0.555555,0.207407,6.629630000000001,7.555560000000001,8.44444,3.88889,2.77778,,-8.22222,,0.546517,-1.23395,0
,,,,,0.8888879999999999,0.740742,0.666665,0.488889,126.111,115.77799999999999,140.444,122.111,-31.0,,-12.0,,0.17560499999999998,-2.36251,1
,,,,,1.77778,2.6963,2.0,0.933333,12.5185,9.55556,10.7778,17.2222,-8.88889,,14.1111,,0.447247,2.2672,6
,,,,,1.16667,0.344445,0.555555,0.385185,1.8888900000000002,0.22222199999999998,4.66667,0.777778,-5.0,,-3.33333,,0.9629629999999999,-2.2166,2
,,,,,0.8888889999999999,0.6518520000000001,2.16667,1.14444,14.5556,10.8889,13.6667,19.1111,-11.0,,13.6667,,0.431696,2.44755,6
,,,,,3.05556,1.9484099999999998,2.94444,1.75647,19.5185,15.4444,17.6667,25.4444,-12.2222,,17.7778,,0.393868,2.32038,6
,,,,,0.22222199999999998,0.0296296,0.22222199999999998,0.0296296,2.55556,1.0,5.77778,0.8888889999999999,-4.66667,,-5.0,,0.84709,-2.07124,4
,,,,,21.6667,17.3628,0.9444440000000001,0.9047209999999999,41.037,37.4444,49.4444,36.2222,-10.7778,,-14.4444,,0.280578,-1.99554,3
,,,,,3.22222,1.90516,2.88889,2.17733,60.1111,53.1111,75.1111,52.1111,-21.0,,-24.0,,0.308465,-2.04777,5
,,,,,3.22222,1.9739099999999998,3.7777800000000004,2.90338,63.0741,55.3333,79.2222,54.6667,-23.2222,,-25.2222,,0.311587,-2.06595,5
,,,,,2.72222,1.67885,5.22222,3.1245700000000003,53.7037,47.1111,67.2222,46.7778,-19.7778,,-20.7778,,0.308859,-2.07523,5
,,,,,0.611112,0.646931,1.22222,1.0037,124.37,112.667,141.333,119.111,-35.1111,,-15.7778,,0.202708,-2.3286599999999997,1
,,,,,1.72222,1.3066799999999998,6.16667,4.70343,17.0,13.0,24.5556,13.4444,-12.0,,-10.6667,,0.47748900000000005,-2.12975,4
,,,,,0.611111,0.10740699999999999,0.611111,0.10740699999999999,6.0,7.444439999999999,7.22222,3.33333,4.33333,,-8.0,,0.571649,-0.987873,0
,,,,,1.61111,1.63865,2.44444,1.10889,14.8148,11.3333,15.6667,17.4444,-10.4444,,7.888889999999999,,0.353161,2.83561,6
,,,,,1.0,0.311108,1.27778,1.35184,135.92600000000002,128.556,147.333,131.889,-22.1111,,-12.1111,,0.127385,-2.27715,1
,,,,,0.611111,0.49065299999999995,0.555556,0.27216399999999996,109.074,95.1111,128.333,103.77799999999999,-41.8889,,-15.8889,,0.258869,-2.3674,1
,,,,,1.61111,1.06284,1.33333,0.8692270000000001,60.8519,53.0,75.7778,53.7778,-23.5556,,-21.2222,,0.304774,-2.12948,3
,,,,,0.833333,0.505525,1.61111,0.879815,12.8148,10.6667,9.77778,18.0,-6.44444,,15.5556,,0.46356899999999995,1.99318,6
,,,,,2.94444,1.75647,2.44444,1.68215,16.4815,10.1111,25.8889,13.4444,-19.1111,,-9.11111,,0.6133850000000001,-2.3163,2
,,,,,2.83333,1.7480099999999998,5.27778,3.137,15.0741,12.0,15.0,18.2222,-9.22222,,9.44444,,0.347481,2.58602,6
,,,,,3.83333,4.20449,0.666667,0.666667,2.88889,2.66667,3.33333,2.66667,-0.666667,,-0.666667,,0.06888330000000001,-2.0944,4
,,,,,2.22222,2.14649,2.11111,1.3277700000000001,14.4815,12.5556,11.3333,19.5556,-5.77778,,15.2222,,0.422174,1.9504,6
,,,,,25.5,12.7954,27.2778,15.931,49.8148,41.7778,61.1111,46.5556,-24.1111,,-9.77778,,0.358975,-2.36049,2
,,,,,0.722224,0.646932,0.722224,0.389683,105.926,91.8889,124.889,101.0,-42.1111,,-14.7778,,0.26421999999999995,-2.38226,1
,,,,,0.833335,0.21111100000000002,0.77778,0.296297,90.3333,74.8889,115.444,80.6667,-46.3333,,-29.0,,0.35122,-2.2428,1
,,,,,1.55556,1.42465,2.38889,1.28956,11.8889,10.1111,8.0,17.5556,-5.33333,,17.0,,0.54833,1.87251,6
,,,,,0.555555,0.344265,0.833333,0.62361,14.2222,12.3333,11.0,19.3333,-5.66667,,15.3333,,0.43115200000000004,1.9378900000000001,6
,,,,,2.38889,3.2629599999999996,0.833332,0.122224,69.9259,63.6667,83.8889,62.2222,-18.7778,,-23.1111,,0.258303,-2.02494,3
,,,,,0.8888889999999999,0.518518,0.44444399999999995,0.118519,12.0741,7.555560000000001,20.5556,8.11111,-13.5556,,-11.8889,,0.632127,-2.13785,4
,,,,,13.8889,13.0242,0.277778,0.250925,35.8148,31.3333,45.5556,30.5556,-13.4444,,-15.7778,,0.33726999999999996,-2.03043,3
,,,,,1.55556,2.74074,1.66667,0.533333,40.2222,37.2222,48.2222,35.2222,-9.0,,-15.0,,0.269192,-1.9320700000000002,3
,,,,,1.9444400000000002,1.21868,3.66667,3.1269400000000003,45.7778,41.0,56.3333,40.0,-14.3333,,-17.3333,,0.287983,-2.03293,5
,,,,,0.388889,0.38968200000000003,0.22222199999999998,0.172132,17.9259,13.2222,27.1111,13.4444,-14.1111,,-13.4444,,0.511905,-2.11046,4
,,,,,0.777778,0.620633,0.388889,0.250924,7.18518,5.11111,12.1111,4.33333,-6.22222,,-8.55556,,0.641018,-1.98955,4
,,,,,0.8888889999999999,0.6518520000000001,2.16667,1.14444,14.5556,10.8889,13.6667,19.1111,-11.0,,13.6667,,0.431696,2.44755,6
,,,,,1.72222,1.12963,1.61111,1.7074099999999999,13.7407,11.1111,12.3333,17.7778,-7.888889999999999,,12.1111,,0.375346,2.29204,6
,,,,,0.611111,0.574132,0.722223,0.772203,110.704,96.2222,129.0,106.889,-43.4444,,-11.4444,,0.254051,-2.4346900000000002,1
,,,,,1.44444,1.16746,1.66667,1.26491,23.1852,20.6667,19.8889,29.0,-7.555560000000001,,17.4444,,0.32797,2.0337,6
,,,,,0.722222,0.490654,0.9444440000000001,0.742867,40.6667,40.8889,44.5556,36.5556,0.666667,,-12.3333,,0.17869000000000002,-1.51876,3
,,,,,3.16667,2.09497,5.83333,4.113659999999999,25.8889,21.1111,22.4444,34.1111,-14.3333,,24.6667,,0.388973,2.21401,6
,,,,,2.5,1.1,2.27778,3.6185199999999997,34.5185,31.5556,42.2222,29.7778,-8.88889,,-14.2222,,0.29320799999999997,-1.94304,5
,,,,,0.49999899999999997,0.586892,1.33333,0.557772,116.77799999999999,103.889,133.333,113.111,-38.6667,,-11.0,,0.220748,-2.42119,1
,,,,,0.44444399999999995,0.0296296,0.444445,0.11851800000000001,5.96296,7.77778,6.77778,3.33333,5.44444,,-7.888889999999999,,0.569444,-0.8204030000000001,0
,,,,,3.0,1.22927,0.8888889999999999,0.45542,8.88889,7.33333,11.7778,7.555560000000001,-4.66667,,-4.0,,0.380483,-2.13694,3
,,,,,1.27778,0.9074059999999999,0.8888879999999999,1.14075,127.63,117.667,141.667,123.556,-29.8889,,-12.2222,,0.169397,-2.34925,1
,,,,,3.55556,2.6555299999999997,4.0,3.0840099999999997,13.2963,7.0,22.3333,10.5556,-18.8889,,-8.22222,,0.694627,-2.34409,2
,,,,,0.333333,0.13333299999999998,0.5,0.3,6.0,7.22222,7.33333,3.44444,3.66667,,-7.66667,,0.551808,-1.05144,0
,,,,,0.44444399999999995,0.118519,2.61111,5.75185,1.85185,1.55556,3.0,1.0,-0.8888889999999999,,-2.55556,,0.534392,-1.90593,4
,,,,,2.22222,1.82168,8.77778,3.46196,36.7407,33.6667,44.4444,32.1111,-9.22222,,-13.8889,,0.273358,-1.96058,3
,,,,,1.11111,0.47407299999999997,0.8888889999999999,0.562963,16.2593,12.5556,15.4444,20.7778,-11.1111,,13.5556,,0.396399,2.46212,6
,,,,,1.33333,1.2888899999999999,1.27778,0.5962970000000001,52.8519,47.5556,64.6667,46.3333,-15.8889,,-19.5556,,0.28511,-2.02577,3
,,,,,0.555556,0.16296300000000002,0.44444399999999995,0.029629700000000002,5.11111,6.66667,6.0,2.66667,4.66667,,-7.33333,,0.608466,-0.877707,0
,,,,,0.777777,0.518519,1.77778,0.785183,127.444,115.556,143.111,123.667,-35.6667,,-11.3333,,0.19252,-2.40292,1
,,,,,2.83333,5.5,1.22222,0.874073,19.4074,15.5556,26.5556,16.1111,-11.5556,,-9.88889,,0.418712,-2.14718,4
,,,,,5.22222,2.72166,0.722223,0.49065299999999995,28.9259,25.2222,36.8889,24.6667,-11.1111,,-12.7778,,0.33112800000000003,-2.04846,3
,,,,,1.22222,1.0037,3.05556,2.38902,48.5185,44.1111,59.8889,41.5556,-13.2222,,-20.8889,,0.305755,-1.94747,5
,,,,,3.11111,2.81003,2.77778,3.16696,19.4444,16.8889,25.7778,15.6667,-7.66667,,-11.3333,,0.42529300000000003,-1.61572,2
,,,,,1.38889,1.3963,2.11111,1.22963,27.1481,25.1111,35.8889,20.4444,-6.11111,,-20.1111,,0.42930799999999997,-1.76836,0
,,,,,4.88889,3.44265,1.77778,1.8094400000000002,34.1111,29.1111,44.4444,28.7778,-15.0,,-16.0,,0.35354800000000003,-2.06865,3
,,,,,0.5,0.122222,1.5,0.5222220000000001,4.66667,6.77778,4.88889,2.33333,6.33333,,-7.0,,0.662037,-0.6048640000000001,0
,,,,,1.27778,0.82776,2.55556,1.89346,42.1111,41.5556,45.8889,38.8889,-1.66667,,-9.66667,,0.152009,-1.68385,3
,,,,,2.16667,0.781736,2.05556,2.02667,18.5556,15.0,15.3333,25.3333,-10.6667,,20.3333,,0.422491,2.12652,6
,,,,,0.166667,0.278887,0.611111,0.742867,0.407407,0.22222199999999998,0.777778,0.22222199999999998,-0.555556,,-0.555556,,0.24074099999999998,-2.0944,4
,,,,,11.0556,11.0743,1.11111,1.06805,64.6296,58.2222,78.4444,57.2222,-19.2222,,-22.2222,,0.27165900000000004,-2.03882,3
,,,,,2.55556,1.7083700000000002,1.5,1.13039,60.4815,53.6667,74.8889,52.8889,-20.4444,,-22.7778,,0.29788000000000003,-2.06061,5
,,,,,1.38889,1.8851900000000001,1.11111,2.11852,3.40741,0.8888889999999999,7.888889999999999,1.44444,-7.555560000000001,,-5.88889,,0.9043209999999999,-2.16608,2
,,,,,0.5,0.07777769999999999,0.277778,0.151852,6.14815,7.22222,7.77778,3.44444,3.22222,,-8.11111,,0.563492,-1.17545,0
,,,,,1.72222,1.75185,2.66667,3.8222300000000002,34.1111,30.1111,42.7778,29.4444,-12.0,,-14.0,,0.309884,-2.04428,5
,,,,,3.0,2.69155,2.83333,2.3357099999999997,43.963,39.2222,53.8889,38.7778,-14.2222,,-15.5556,,0.28083,-2.06786,5
,,,,,1.72222,3.17407,1.05556,0.9518540000000001,20.037,15.7778,28.6667,15.6667,-12.7778,,-13.1111,,0.457772,-2.08425,4
,,,,,0.999999,0.177779,1.44445,0.696294,96.3333,82.4444,119.333,87.2222,-41.6667,,-27.3333,,0.30905900000000003,-2.22871,1
,,,,,1.27778,0.854184,2.44444,2.01843,4.66667,2.55556,5.77778,5.66667,-6.33333,,3.0,,0.6653439999999999,-3.04418,2
,,,,,21.6667,17.3628,0.9444440000000001,0.9047209999999999,41.037,37.4444,49.4444,36.2222,-10.7778,,-14.4444,,0.280578,-1.99554,3
,,,,,0.722223,0.24074099999999998,1.33333,0.8000010000000001,17.7778,19.2222,21.0,13.1111,4.33333,,-14.0,,0.37602399999999997,-1.2765600000000001,0
,,,,,2.33333,2.53333,1.44444,0.474074,21.3704,15.7778,31.8889,16.4444,-16.7778,,-14.7778,,0.505441,-2.13492,3
,,,,,1.38889,0.9525790000000001,1.77778,1.16746,46.1111,41.3333,56.5556,40.4444,-14.3333,,-17.0,,0.286663,-2.03802,5
,,,,,0.666667,0.843274,1.5,0.888194,3.40741,1.11111,6.0,3.11111,-6.888889999999999,,-0.8888889999999999,,0.843518,-2.51916,2
,,,,,3.11111,1.8094400000000002,2.88889,2.09408,52.5556,46.8889,65.0,45.7778,-17.0,,-20.3333,,0.297059,-2.03483,5
,,,,,1.05556,0.92896,1.77778,1.06805,124.037,113.111,140.444,118.556,-32.7778,,-16.4444,,0.194622,-2.30341,1
,,,,,0.833333,0.300001,0.444445,0.029629700000000002,9.85185,6.22222,16.6667,6.66667,-10.8889,,-9.55556,,0.627269,-2.1387400000000003,4
,,,,,1.11111,0.6074039999999999,1.27778,0.507409,95.2963,80.8889,119.22200000000001,85.7778,-43.2222,,-28.5556,,0.32150500000000004,-2.2271099999999997,1
,,,,,2.05556,1.55516,4.33333,2.23109,44.5556,39.5556,54.1111,40.0,-15.0,,-13.6667,,0.271572,-2.12013,3
,,,,,0.444445,0.25185,0.777774,0.118519,140.778,134.333,150.111,137.889,-19.3333,,-8.66667,,0.105074,-2.3284700000000003,1
,,,,,0.444445,0.11851800000000001,1.05556,0.28518499999999997,7.111110000000001,6.0,4.22222,11.1111,-3.33333,,12.0,,0.621324,1.8382599999999998,6
,,,,,1.61111,1.21852,7.111110000000001,4.34075,21.9259,21.1111,25.1111,19.5556,-2.44444,,-7.111110000000001,,0.215788,-1.75548,6
,,,,,0.22222199999999998,0.0296296,0.833333,0.388889,6.22222,7.555560000000001,7.444439999999999,3.66667,4.0,,-7.66667,,0.542108,-1.01148,0
,,,,,0.44444399999999995,0.11851800000000001,0.666667,0.488889,5.66667,7.444439999999999,6.555560000000001,3.0,5.33333,,-8.0,,0.5974430000000001,-0.837598,0
,,,,,0.722224,0.49065200000000003,1.0,0.557774,113.667,101.0,132.222,107.77799999999999,-38.0,,-17.6667,,0.235894,-2.3197,1
,,,,,1.11111,1.08866,3.16667,1.0055399999999999,49.6667,45.1111,60.8889,43.0,-13.6667,,-20.0,,0.29381,-1.97322,5
,,,,,1.11111,1.04704,0.833334,0.836659,59.4815,54.2222,70.8889,53.3333,-15.7778,,-18.4444,,0.24900100000000003,-2.04242,3
,,,,,2.05556,3.88519,11.7222,114.596,26.4444,23.4444,33.0,22.8889,-9.0,,-10.6667,,0.271473,-2.101,5
,,,,,2.88889,3.8963099999999997,1.9444400000000002,4.90741,86.2963,70.6667,112.111,76.1111,-46.8889,,-30.5556,,0.369638,-2.23156,1
,,,,,0.11111099999999999,0.17213299999999998,0.11111099999999999,0.17213299999999998,0.22222199999999998,0.0,0.666667,0.0,-0.666667,,-0.666667,,0.666667,-2.0944,4
,,,,,1.66667,1.61933,1.11111,1.3444,38.5926,38.3333,42.3333,35.1111,-0.777778,,-10.4444,,0.170449,-1.62485,3
,,,,,0.9444440000000001,0.534027,0.388889,0.38968200000000003,22.963,19.4444,29.4444,20.0,-10.5556,,-8.88889,,0.339149,-2.14867,4
,,,,,15.3889,19.1363,26.6111,31.7136,55.0,47.4444,65.4444,52.1111,-22.6667,,-8.66667,,0.297802,-2.35675,2
,,,,,2.77778,1.3277700000000001,2.72222,2.98453,15.0741,11.4444,13.2222,20.5556,-10.8889,,16.4444,,0.441675,2.28457,6
,,,,,0.611111,0.24074099999999998,0.666667,0.577778,5.77778,7.444439999999999,6.66667,3.22222,5.0,,-7.66667,,0.575397,-0.871495,0
,,,,,3.7222199999999996,4.4493,5.0,2.319,44.5926,40.3333,54.0,39.4444,-12.7778,,-15.4444,,0.26818600000000004,-2.03005,3
,,,,,0.777778,0.82963,1.0,0.355556,2.03704,0.11111099999999999,5.55556,0.44444399999999995,-5.77778,,-4.77778,,0.9861110000000001,-2.14974,2
,,,,,0.777778,0.501849,0.777778,0.688531,2.74074,0.555556,5.55556,2.11111,-6.555560000000001,,-1.8888900000000002,,0.915344,-2.4089400000000003,2
,,,,,9.44444,5.8979,9.94444,6.94875,21.037,16.2222,26.6667,20.2222,-14.4444,,-2.44444,,0.415836,-2.5142,2
,,,,,0.555556,0.34074099999999996,1.72222,1.6629599999999998,13.5926,11.1111,11.8889,17.7778,-7.444439999999999,,12.5556,,0.376253,2.2129,6
,,,,,0.0,0.0,0.0,0.0,0.0,0.0,0.0,0.0,0.0,,0.0,,0.0,0.0,4
,,,,,1.66667,1.57762,4.33333,2.97396,8.740739999999999,6.44444,13.1111,6.66667,-6.888889999999999,,-6.22222,,0.547103,-2.05612,4
,,,,,2.27778,3.17407,3.2777800000000004,1.44074,21.9259,20.5556,28.7778,16.4444,-4.11111,,-16.4444,,0.428167,-1.73537,0
,,,,,0.388889,0.0629643,1.61111,1.21852,125.51899999999999,115.444,140.556,120.556,-30.2222,,-14.8889,,0.178636,-2.3074,1
,,,,,2.61111,12.1518,14.0,48.8889,41.6667,35.4444,51.3333,38.2222,-18.6667,,-10.3333,,0.297547,-2.38444,5
,,,,,2.11111,0.958392,0.722221,0.646929,46.7407,42.4444,56.3333,41.4444,-12.8889,,-15.8889,,0.264115,-2.02113,3
,,,,,0.11111099999999999,0.17213299999999998,0.22222199999999998,0.27216599999999996,1.85185,1.0,3.88889,0.666667,-2.55556,,-3.55556,,0.833333,-1.9978,4
,,,,,1.11111,0.518518,1.9444400000000002,1.26296,13.8519,9.66667,13.1111,18.7778,-12.5556,,14.7778,,0.486883,2.48792,6
,,,,,1.8888900000000002,1.5869799999999998,2.33333,1.7256200000000002,18.037,14.4444,25.1111,14.5556,-10.7778,,-10.4444,,0.43138000000000004,-2.10229,4
,,,,,1.55556,1.7722099999999998,5.61111,2.25503,18.5185,16.0,23.3333,16.2222,-7.555560000000001,,-6.888889999999999,,0.314713,-2.1139200000000002,4
,,,,,0.5,0.21111100000000002,0.44444399999999995,0.16296300000000002,18.2222,14.8889,24.7778,15.0,-10.0,,-9.66667,,0.39868899999999996,-2.1040799999999997,3
,,,,,2.61111,2.09143,3.7222199999999996,2.2052099999999997,47.6667,42.4444,58.7778,41.7778,-15.6667,,-17.6667,,0.288788,-2.05167,5
,,,,,1.27778,0.854184,1.33333,1.13529,18.7407,11.7778,29.5556,14.8889,-20.8889,,-11.5556,,0.596104,-2.25997,2
,,,,,1.22223,1.0256,2.66667,2.29008,106.852,93.2222,125.667,101.667,-40.8889,,-15.5556,,0.258182,-2.36808,1
,,,,,2.16667,1.67,4.44444,2.6133599999999997,51.2963,45.4444,64.3333,44.1111,-17.5556,,-21.5556,,0.31756599999999996,-2.0209,5
,,,,,2.66667,6.97778,2.5,2.65555,32.963,29.3333,41.1111,28.4444,-10.8889,,-13.5556,,0.305705,-2.0200400000000003,5
,,,,,0.055555600000000004,0.0185185,0.22222199999999998,0.0296296,0.48148199999999997,0.0,1.44444,0.0,-1.44444,,-1.44444,,1.0,-2.0944,2
,,,,,1.72222,1.44074,3.88889,2.82963,19.9259,20.5556,24.1111,15.1111,1.8888900000000002,,-14.4444,,0.375321,-1.44096,0
,,,,,0.8888889999999999,0.8344440000000001,0.277778,0.38968200000000003,29.4074,24.7778,37.1111,26.3333,-13.8889,,-9.22222,,0.33195399999999997,-2.2261599999999997,4
,,,,,1.33333,0.8,1.38889,0.951852,17.6667,19.0,21.1111,12.8889,4.0,,-14.3333,,0.388756,-1.30213,0
,,,,,1.55556,1.12875,1.16667,1.20646,8.259260000000001,5.88889,7.0,11.8889,-7.111110000000001,,10.8889,,0.50946,2.27735,6
,,,,,0.9444450000000001,0.774077,1.05556,0.596296,126.074,115.889,141.222,121.111,-30.5556,,-14.8889,,0.17935299999999998,-2.3098,1
,,,,,0.555556,0.272165,0.388889,0.38968200000000003,14.8148,10.4444,23.4444,10.5556,-13.1111,,-12.7778,,0.559179,-2.1027099999999996,4
,,,,,5.77778,4.40538,0.49999899999999997,0.278888,61.0,52.4444,76.4444,54.1111,-25.6667,,-20.6667,,0.313235,-2.1617900000000003,3
,,,,,0.8888889999999999,0.620633,1.9444400000000002,1.35674,12.1852,9.66667,10.5556,16.3333,-7.555560000000001,,12.4444,,0.41577200000000003,2.22128,6
,,,,,1.38889,0.729627,1.44444,0.740741,57.3333,52.7778,68.2222,51.0,-13.6667,,-19.0,,0.252203,-1.98522,3
,,,,,11.2222,0.8861,0.666667,0.365146,62.8148,53.7778,80.0,54.6667,-27.1111,,-24.4444,,0.329364,-2.12621,3
,,,,,1.27778,0.9074059999999999,0.8888879999999999,1.14075,127.63,117.667,141.667,123.556,-29.8889,,-12.2222,,0.169397,-2.34925,1
,,,,,0.611111,0.24074099999999998,0.388889,0.24074099999999998,1.33333,0.0,4.0,0.0,-4.0,,-4.0,,1.0,-2.0944,2
,,,,,0.611112,0.443054,2.05556,1.21868,125.59299999999999,113.444,142.444,120.889,-36.4444,,-14.1111,,0.20358199999999999,-2.36253,1
,,,,,1.27778,0.879815,1.66667,0.942809,51.0741,46.3333,63.1111,43.7778,-14.2222,,-21.8889,,0.306215,-1.956,5
,,,,,11.6667,125.867,0.9444440000000001,0.685184,8.7037,5.88889,13.8889,6.33333,-8.44444,,-7.111110000000001,,0.771517,-2.06692,4
,,,,,0.833333,0.691214,0.44444399999999995,0.272165,31.6296,27.2222,39.3333,28.3333,-13.2222,,-9.88889,,0.307444,-2.18724,4
,,,,,2.27778,2.32963,2.88889,2.87407,26.7407,24.6667,35.2222,20.3333,-6.22222,,-19.2222,,0.4223,-1.7761099999999999,0
,,,,,0.11111099999999999,0.17213299999999998,0.11111099999999999,0.17213299999999998,0.037037,0.0,0.11111099999999999,0.0,-0.11111099999999999,,-0.11111099999999999,,0.11111099999999999,-2.0944,4
,,,,,0.444445,0.296297,1.22222,0.607412,97.9259,83.0,122.0,88.7778,-44.7778,,-27.4444,,0.319499,-2.24824,1
,,,,,2.22222,2.02963,2.16667,1.27778,22.4815,22.0,28.7778,16.6667,-1.44444,,-17.4444,,0.420716,-1.6304100000000001,0
,,,,,1.05556,0.37407399999999996,0.666667,0.22222199999999998,2.81481,0.555556,6.888889999999999,1.0,-6.77778,,-5.44444,,0.9261459999999999,-2.16432,2
,,,,,1.44444,0.518519,2.55556,5.58518,21.5926,21.3333,27.3333,16.1111,-0.777778,,-16.4444,,0.408211,-1.5789600000000001,0
,,,,,0.333333,0.36514800000000003,5.22222,2.6133599999999997,40.7407,37.1111,49.3333,35.7778,-10.8889,,-14.8889,,0.274519,-1.9908099999999997,3
,,,,,1.11111,0.7793640000000001,1.38889,0.742867,17.1111,13.4444,18.0,19.8889,-11.0,,8.33333,,0.324965,2.83482,6
,,,,,8.38889,4.577319999999999,0.722222,0.38968200000000003,31.7037,27.3333,41.0,26.7778,-13.1111,,-14.7778,,0.351273,-2.0465400000000002,3
,,,,,0.833333,0.655556,1.61111,1.92963,17.1852,18.3333,20.6667,12.5556,3.44444,,-13.8889,,0.395253,-1.3125,0
,,,,,0.666667,0.22222199999999998,1.55556,0.562963,11.8148,9.77778,9.44444,16.2222,-6.11111,,13.2222,,0.41976199999999997,2.04457,6
,,,,,0.722221,0.15185,1.66667,0.755554,92.3333,77.3333,116.889,82.7778,-45.0,,-28.6667,,0.33828800000000003,-2.2385200000000003,1
,,,,,1.77778,3.4963,1.66667,1.0222200000000001,8.44444,5.44444,7.33333,12.5556,-9.0,,12.3333,,0.5692659999999999,2.36144,6
,,,,,1.38889,1.06284,0.666667,0.557774,59.1111,51.1111,74.0,52.2222,-24.0,,-20.6667,,0.31069,-2.14305,3
,,,,,1.22222,0.11851800000000001,1.33333,0.8,20.2593,20.3333,25.0,15.4444,0.22222199999999998,,-14.4444,,0.38105900000000004,-1.5551,0
,,,,,0.333333,0.13333299999999998,0.666667,0.0444444,1.37037,0.0,3.7777800000000004,0.333333,-4.11111,,-3.11111,,1.0,-2.16987,2
,,,,,19.2778,28.9074,1.11111,1.0963,37.8889,33.1111,47.4444,33.1111,-14.3333,,-14.3333,,0.32061300000000004,-2.0978,3
,,,,,0.555555,0.207407,1.55556,0.474074,3.37037,0.555556,7.66667,1.8888900000000002,-8.44444,,-4.44444,,0.9407409999999999,-2.27516,2
,,,,,2.55556,1.7847099999999998,9.11111,7.71338,60.8148,54.3333,74.8889,53.2222,-19.4444,,-22.7778,,0.29238200000000003,-2.03361,5
,,,,,1.22222,0.562963,1.5,0.700001,18.0741,17.2222,23.6667,13.3333,-2.55556,,-14.2222,,0.435021,-1.68385,0
,,,,,0.277778,0.13608299999999998,0.555556,0.272165,6.888889999999999,4.55556,12.0,4.11111,-7.0,,-8.33333,,0.655892,-2.03946,4
,,,,,1.55556,0.740741,0.44444399999999995,0.11851800000000001,4.96296,3.11111,8.77778,3.0,-5.55556,,-5.88889,,0.6652399999999999,-2.07507,4
,,,,,0.5,0.547723,3.11111,2.10467,19.6296,16.2222,26.1111,16.5556,-10.2222,,-9.22222,,0.380292,-2.12823,4
,,,,,0.611109,0.6116159999999999,2.16667,0.7817350000000001,124.556,112.77799999999999,141.0,119.889,-35.3333,,-14.0,,0.200124,-2.3576900000000003,1
,,,,,0.8888889999999999,0.518519,1.05555,0.507406,90.6296,74.5556,116.889,80.4444,-48.2222,,-30.5556,,0.362062,-2.23905,1
,,,,,1.11111,1.58518,0.166667,0.07777780000000001,0.740741,0.44444399999999995,1.55556,0.22222199999999998,-0.8888889999999999,,-1.55556,,0.288889,-1.9196400000000002,4
,,,,,0.388889,0.196297,0.9444450000000001,0.418519,90.8148,76.0,115.667,80.7778,-44.4444,,-30.1111,,0.342938,-2.21998,1
,,,,,7.0,3.8873,1.05556,0.772202,28.7778,24.8889,37.1111,24.3333,-11.6667,,-13.3333,,0.346398,-2.04294,3
,,,,,0.44444399999999995,0.807373,1.0,1.09545,0.740741,0.22222199999999998,1.77778,0.22222199999999998,-1.55556,,-1.55556,,0.407407,-2.0944,2
,,,,,1.66667,1.8222200000000002,4.16667,4.21111,22.037,21.3333,28.0,16.7778,-2.11111,,-15.7778,,0.397362,-1.61955,0
,,,,,2.38889,1.7940200000000002,2.55556,1.55873,46.3704,42.6667,56.3333,40.1111,-11.1111,,-18.7778,,0.287646,-1.93005,5
,,,,,0.277778,0.38968200000000003,0.277778,0.13608299999999998,0.407407,0.0,1.22222,0.0,-1.22222,,-1.22222,,0.777778,-2.0944,2
,,,,,1.11111,0.8344440000000001,2.77778,2.0512,43.6296,40.3333,52.8889,37.6667,-9.88889,,-17.8889,,0.28686300000000003,-1.90498,5
,,,,,0.9444450000000001,0.250924,0.722222,0.879815,3.5185199999999996,1.11111,6.555560000000001,2.88889,-7.22222,,-1.8888900000000002,,0.8399469999999999,-2.4338,2
,,,,,0.666667,0.4,1.83333,2.12222,20.5556,16.1111,28.6667,16.8889,-13.3333,,-11.0,,0.43707799999999997,-2.1588,3
,,,,,0.0,0.0,0.0,0.0,0.0,0.0,0.0,0.0,0.0,,0.0,,0.0,0.0,4
,,,,,0.388887,0.250923,0.9444469999999999,0.827759,116.259,103.667,133.778,111.333,-37.7778,,-14.7778,,0.224975,-2.3602,1
,,,,,0.22222199999999998,0.074074,0.777778,0.207407,5.18518,6.66667,6.0,2.88889,4.44444,,-6.888889999999999,,0.566138,-0.874641,0
,,,,,0.833333,0.611112,0.388889,0.10740799999999999,55.037,51.5556,64.8889,48.6667,-10.4444,,-19.1111,,0.249829,-1.9079599999999999,3
,,,,,2.16667,1.06979,8.33333,2.5121900000000004,57.3333,50.2222,71.5556,50.2222,-21.3333,,-21.3333,,0.302514,-2.09375,5
,,,,,1.0,0.444445,1.11111,1.05185,2.51852,0.22222199999999998,6.11111,1.22222,-6.888889999999999,,-3.88889,,0.973765,-2.26746,2
,,,,,4.72222,2.70322,2.5,1.53116,56.6667,50.6667,70.2222,49.1111,-18.0,,-22.6667,,0.300817,-2.01537,5
,,,,,1.55556,1.9626099999999997,1.8888900000000002,1.7469599999999998,2.92593,1.22222,5.66667,1.8888900000000002,-5.11111,,-3.11111,,0.862771,-2.22949,2
,,,,,3.05556,4.46296,2.77778,4.65185,6.74074,3.44444,11.5556,5.22222,-9.88889,,-4.55556,,0.7118979999999999,-2.31888,2
,,,,,3.22222,3.45185,2.05556,0.951851,19.3333,15.5556,26.2222,16.2222,-11.3333,,-9.33333,,0.40922600000000003,-2.15372,4
,,,,,0.8888889999999999,0.688531,0.777778,0.655462,16.7778,14.5556,12.7778,23.0,-6.66667,,18.6667,,0.444358,1.91642,6
,,,,,0.222221,0.272165,0.611109,0.6116159999999999,111.22200000000001,97.6667,129.0,107.0,-40.6667,,-12.6667,,0.24285,-2.4053,1
,,,,,0.0,0.0,0.0,0.0,0.0,0.0,0.0,0.0,0.0,,0.0,,0.0,0.0,4
,,,,,0.44444399999999995,0.0296296,0.333333,0.0444444,12.0,7.555560000000001,20.4444,8.0,-13.3333,,-12.0,,0.6295029999999999,-2.12836,4
,,,,,1.27778,1.57407,2.11111,3.0963,20.9259,19.6667,27.7778,15.3333,-3.7777800000000004,,-16.7778,,0.44725,-1.7268299999999999,0
,,,,,2.88889,1.68215,4.05556,3.07258,56.3333,50.4444,70.0,48.5556,-17.6667,,-23.3333,,0.30547199999999997,-1.99758,5
,,,,,0.8888889999999999,0.544331,0.611111,0.712325,0.740741,0.333333,1.77778,0.11111099999999999,-1.22222,,-1.8888900000000002,,0.75,-2.0076099999999997,4
,,,,,2.66667,6.08889,1.66667,1.73333,15.4444,12.4444,15.2222,18.6667,-9.0,,9.66667,,0.335421,2.55496,6
,,,,,2.22222,2.8100400000000003,2.27778,1.28956,47.963,44.1111,57.3333,42.4444,-11.5556,,-16.5556,,0.259189,-1.9821,5
,,,,,0.277778,0.250924,0.333333,0.36514800000000003,0.8888889999999999,0.0,2.55556,0.11111099999999999,-2.66667,,-2.33333,,1.0,-2.12325,2
,,,,,1.16667,0.5222220000000001,1.16667,0.47777700000000006,2.44444,0.666667,5.77778,0.8888889999999999,-5.33333,,-4.66667,,0.9111549999999999,-2.1303400000000003,4
,,,,,1.11111,0.6074069999999999,1.05556,0.462963,17.5185,13.1111,17.8889,21.5556,-13.2222,,12.1111,,0.393002,2.69011,6
,,,,,3.0,2.57337,2.33333,1.2995700000000001,55.7778,49.6667,69.1111,48.5556,-18.3333,,-21.6667,,0.296294,-2.03967,5
,,,,,1.38889,1.3066799999999998,1.44444,1.08866,61.6667,54.7778,76.6667,53.5556,-20.6667,,-24.3333,,0.302994,-2.04128,5
,,,,,2.22222,1.25904,3.44444,2.8258099999999997,55.8519,50.1111,69.1111,48.3333,-17.2222,,-22.5556,,0.300643,-2.00156,5
,,,,,1.66667,0.7888109999999999,1.38889,0.712325,15.0,13.3333,11.7778,19.8889,-5.0,,14.6667,,0.408885,1.9053,6
,,,,,1.38889,1.12963,1.9444400000000002,0.5962970000000001,19.8519,20.0,24.6667,14.8889,0.44444399999999995,,-14.8889,,0.394964,-1.5086600000000001,0
,,,,,1.11111,1.36083,0.777777,0.655461,61.1111,53.4444,77.0,52.8889,-23.0,,-24.6667,,0.314365,-2.07083,3
,,,,,0.8888889999999999,0.34074099999999996,1.16667,0.922222,12.0,9.44444,10.1111,16.4444,-7.66667,,13.3333,,0.43944300000000003,2.19414,6
,,,,,0.777776,0.7200810000000001,0.666667,0.557772,109.963,97.5556,127.444,104.889,-37.2222,,-15.2222,,0.234504,-2.35118,1
,,,,,1.83333,2.2111099999999997,1.55556,0.9629629999999999,56.7778,52.0,68.2222,50.1111,-14.3333,,-20.0,,0.26505300000000004,-1.9843099999999998,3
,,,,,0.333333,0.298143,0.388889,0.327731,17.1111,13.0,24.7778,13.5556,-12.3333,,-10.6667,,0.475,-2.1439,4
,,,,,0.8888889999999999,0.562963,0.833333,0.3,5.74074,7.33333,6.555560000000001,3.33333,4.77778,,-7.22222,,0.543871,-0.862108,0
,,,,,0.666665,0.516397,0.666667,0.699204,110.037,95.3333,129.0,105.77799999999999,-44.1111,,-12.7778,,0.260966,-2.41946,1
,,,,,1.55556,1.06805,3.05556,1.92546,49.3333,45.3333,59.5556,43.1111,-12.0,,-18.6667,,0.275889,-1.9527700000000001,5
,,,,,1.38889,1.57407,1.16667,0.566666,17.7407,14.1111,17.8889,21.2222,-10.8889,,10.4444,,0.335717,2.6516,6
,,,,,2.5,1.11056,1.55556,0.9349200000000001,57.7407,50.4444,72.6667,50.1111,-21.8889,,-22.8889,,0.314783,-2.07765,3
,,,,,1.11111,1.22963,1.16667,0.8777780000000001,4.03704,1.0,8.44444,2.66667,-9.11111,,-4.11111,,0.8912180000000001,-2.3161099999999997,2
,,,,,0.777778,0.9813069999999999,0.833333,1.09036,0.777778,0.333333,1.66667,0.333333,-1.33333,,-1.33333,,0.7055560000000001,-2.0944,4
,,,,,0.055555600000000004,0.13608299999999998,0.055555600000000004,0.13608299999999998,0.037037,0.0,0.11111099999999999,0.0,-0.11111099999999999,,-0.11111099999999999,,0.11111099999999999,-2.0944,4
,,,,,0.277778,0.327731,0.777778,0.544331,1.7407400000000002,1.0,3.55556,0.666667,-2.22222,,-3.22222,,0.838889,-1.9882,4
,,,,,2.55556,1.45185,2.5,2.96667,31.6667,28.0,40.1111,26.8889,-11.0,,-14.3333,,0.329007,-2.00838,5
,,,,,3.38889,2.1951099999999997,3.0,1.52023,12.2593,10.3333,9.33333,17.1111,-5.77778,,14.5556,,0.480149,1.9879,6
,,,,,1.22222,0.207406,1.27778,1.2629700000000001,134.852,127.556,146.111,130.889,-21.8889,,-11.8889,,0.126968,-2.2784299999999997,1
,,,,,1.38889,2.68518,5.0,10.4,19.5556,17.0,18.1111,23.5556,-7.66667,,12.0,,0.298962,2.27413,6
,,,,,0.8888889999999999,0.074074,0.8888889999999999,0.34074099999999996,5.88889,7.111110000000001,7.111110000000001,3.44444,3.66667,,-7.33333,,0.545855,-1.03766,0
,,,,,0.5,0.122222,0.9444440000000001,0.32963000000000003,5.74074,7.444439999999999,6.22222,3.55556,5.11111,,-6.555560000000001,,0.529982,-0.726018,0
,,,,,8.38889,4.577319999999999,0.722222,0.38968200000000003,31.7037,27.3333,41.0,26.7778,-13.1111,,-14.7778,,0.351273,-2.0465400000000002,3
,,,,,2.05556,1.35674,1.11111,0.750309,60.3333,53.5556,74.8889,52.5556,-20.3333,,-23.3333,,0.299511,-2.0472099999999998,5
,,,,,2.11111,2.01843,4.33333,4.72346,59.3333,52.5556,74.0,51.4444,-20.3333,,-23.6667,,0.306609,-2.04251,5
,,,,,2.55556,2.25185,2.05556,2.81852,16.7407,11.7778,25.7778,12.6667,-14.8889,,-12.2222,,0.5471729999999999,-2.1594599999999997,4
,,,,,0.722222,0.712325,0.666667,0.730297,1.51852,0.333333,2.88889,1.33333,-3.55556,,-0.555556,,0.916667,-2.4238,2
,,,,,1.33333,1.1555600000000001,1.55556,0.785185,7.48148,6.11111,5.11111,11.2222,-4.11111,,11.2222,,0.557235,1.9384700000000001,6
,,,,,0.833333,0.833333,1.05556,0.951852,1.22222,0.11111099999999999,3.22222,0.333333,-3.33333,,-2.66667,,0.9841270000000001,-2.13309,2
,,,,,1.05555,0.551851,1.8888900000000002,1.98518,110.296,97.6667,130.222,103.0,-37.8889,,-21.8889,,0.24989499999999998,-2.2643299999999997,1
,,,,,1.44444,1.5851899999999999,7.33333,45.9556,31.4444,28.6667,37.7778,27.8889,-8.33333,,-10.6667,,0.25295300000000004,-2.02103,5
,,,,,2.27778,1.42075,1.44444,1.0256,9.22222,6.555560000000001,7.33333,13.7778,-8.0,,13.6667,,0.56339,2.19294,6
,,,,,1.05556,0.772202,4.72222,1.02017,19.8519,14.5556,19.0,26.0,-15.8889,,18.4444,,0.449942,2.5068099999999998,6
,,,,,1.22222,1.04704,0.555555,0.272165,62.2593,56.4444,75.3333,55.0,-17.4444,,-21.7778,,0.26921799999999996,-2.0141299999999998,3
,,,,,1.55556,1.0074100000000001,0.5,0.34444400000000003,5.370369999999999,3.66667,9.0,3.44444,-5.11111,,-5.77778,,0.630471,-2.048,4
,,,,,2.83333,9.63333,8.5,17.3667,32.4444,28.4444,40.3333,28.5556,-12.0,,-11.6667,,0.296365,-2.1212400000000002,5
,,,,,0.944443,0.389683,1.44444,1.29386,122.51899999999999,111.0,138.667,117.889,-34.5556,,-13.8889,,0.19951300000000002,-2.35398,1
,,,,,0.555555,0.296296,0.44444399999999995,0.0296296,1.9629599999999998,0.666667,4.88889,0.333333,-3.88889,,-4.88889,,0.9407409999999999,-2.01892,4
,,,,,0.611112,0.327731,0.388892,0.327733,109.704,95.1111,128.889,105.111,-43.7778,,-13.7778,,0.262046,-2.40475,1
,,,,,1.11111,0.740741,9.77778,21.763,13.037,9.88889,18.8889,10.3333,-9.44444,,-8.11111,,0.548124,-2.13737,3
,,,,,14.8333,356.167,43.3333,662.355,79.6667,70.7778,91.4444,76.7778,-26.6667,,-8.66667,,0.269733,-2.41165,2
,,,,,1.22222,1.54441,2.05556,1.52631,53.0741,48.1111,63.7778,47.3333,-14.8889,,-17.2222,,0.259367,-2.0459,3
,,,,,0.8888889999999999,0.62063,0.555556,0.172131,125.148,114.22200000000001,141.667,119.556,-32.7778,,-16.7778,,0.193665,-2.2949,1
,,,,,21.0556,530.552,34.6111,409.39599999999996,68.7778,60.3333,79.5556,66.4444,-25.3333,,-7.0,,0.289624,-2.43419,2
,,,,,0.444445,0.0740741,0.5,0.122222,6.92593,5.11111,4.44444,11.2222,-5.44444,,12.8889,,0.603704,1.9911599999999998,6
,,,,,5.05556,5.53942,0.055555499999999994,0.13608299999999998,3.37037,3.0,3.88889,3.22222,-1.11111,,-0.44444399999999995,,0.0850168,-2.22172,4
,,,,,1.55556,2.47407,0.8888889999999999,1.0963,6.962960000000001,7.888889999999999,8.44444,4.55556,2.77778,,-7.22222,,0.475,-1.18068,0
,,,,,2.0,3.2,2.94444,1.04074,20.5926,18.7778,27.3333,15.6667,-5.44444,,-14.7778,,0.424904,-1.78515,0
,,,,,0.5,0.45946800000000004,0.666666,0.5163979999999999,19.5926,15.2222,28.4444,15.1111,-13.1111,,-13.4444,,0.472764,-2.08608,4
,,,,,3.11111,8.207410000000001,3.94444,9.44074,21.4444,20.4444,28.1111,15.7778,-3.0,,-17.0,,0.437404,-1.65988,0
,,,,,1.22222,1.0037,3.05556,2.38902,48.5185,44.1111,59.8889,41.5556,-13.2222,,-20.8889,,0.305755,-1.94747,5
,,,,,3.33333,3.10555,2.72222,2.79218,26.037,18.4444,39.0,20.6667,-22.7778,,-16.1111,,0.5235380000000001,-2.09065,2
,,,,,1.83333,2.38889,2.22222,4.96296,16.5556,15.6667,21.7778,12.2222,-2.66667,,-13.0,,0.425538,-1.54801,0
,,,,,1.11111,0.501848,2.38889,1.63865,54.6296,49.1111,66.7778,48.0,-16.5556,,-19.8889,,0.280911,-2.02966,3
,,,,,1.0,0.666667,1.22222,1.18634,12.9259,10.8889,9.22222,18.6667,-6.11111,,17.2222,,0.508139,1.9108599999999998,6
,,,,,1.5,1.79815,1.9444400000000002,1.7815900000000002,49.6296,45.0,61.3333,42.5556,-13.8889,,-21.2222,,0.306161,-1.95809,5
,,,,,18.4444,375.096,1.27778,0.5962970000000001,50.6667,46.1111,60.4444,45.4444,-13.6667,,-15.6667,,0.24925300000000003,-2.03252,3
,,,,,0.11111099999999999,0.17213299999999998,0.11111099999999999,0.17213299999999998,0.0740741,0.0,0.22222199999999998,0.0,-0.22222199999999998,,-0.22222199999999998,,0.22222199999999998,-2.0944,4
,,,,,2.11111,1.7341900000000001,2.5,1.6566400000000001,61.6296,54.8889,76.4444,53.5556,-20.2222,,-24.2222,,0.299213,-2.03412,5
,,,,,0.0,0.0,0.0,0.0,0.0,0.0,0.0,0.0,0.0,,0.0,,0.0,0.0,4
,,,,,0.333333,0.266667,0.5,0.07777769999999999,6.66667,8.33333,7.77778,3.88889,5.0,,-8.33333,,0.5385800000000001,-0.924817,0
,,,,,2.27778,0.250925,0.277777,0.250924,40.8519,35.4444,52.4444,34.6667,-16.2222,,-18.5556,,0.339117,-2.04873,3
,,,,,0.0,0.0,0.0,0.0,0.0,0.0,0.0,0.0,0.0,,0.0,,0.0,0.0,4
,,,,,0.611112,0.374076,1.27778,0.28518499999999997,113.111,105.667,128.333,105.333,-22.3333,,-23.3333,,0.181789,-2.07842,1
,,,,,3.16667,3.01662,2.16667,1.24276,9.740739999999999,7.444439999999999,7.111110000000001,14.6667,-6.888889999999999,,14.7778,,0.572767,2.06945,6
,,,,,1.8888900000000002,1.6740700000000002,1.33333,2.4,22.7037,22.3333,28.7778,17.0,-1.11111,,-17.1111,,0.40920100000000004,-1.60679,0
,,,,,1.44444,0.620633,1.9444400000000002,1.7181,59.3333,51.8889,73.7778,52.3333,-22.3333,,-21.0,,0.299164,-2.11194,3
,,,,,1.38889,1.04172,1.16667,0.809664,109.111,96.4444,125.444,105.444,-38.0,,-11.0,,0.23116599999999998,-2.4202,1
,,,,,4.16667,2.27792,4.11111,2.24763,47.7037,42.4444,58.8889,41.7778,-15.7778,,-17.7778,,0.29027800000000004,-2.0527,5
,,,,,24.3889,572.996,44.7222,1386.33,67.4444,58.7778,79.0,64.5556,-26.0,,-8.66667,,0.30628099999999997,-2.42213,2
,,,,,0.555555,0.45541899999999996,0.722223,0.49065200000000003,123.444,112.333,138.222,119.77799999999999,-33.3333,,-11.0,,0.187217,-2.3932700000000002,1
,,,,,2.83333,1.7732599999999998,2.11111,1.6688900000000002,18.0741,16.0,22.5556,15.6667,-6.22222,,-7.22222,,0.386612,-1.7028299999999998,2
,,,,,0.11111099999999999,0.0296296,0.44444399999999995,0.0740741,0.703704,0.22222199999999998,1.8888900000000002,0.0,-1.44444,,-2.11111,,1.0,-2.0175099999999997,4
,,,,,0.777778,0.6518520000000001,0.277778,0.151852,0.555556,0.11111099999999999,1.33333,0.22222199999999998,-1.33333,,-1.0,,0.416667,-2.15956,2
,,,,,1.72222,1.5296299999999998,2.94444,1.5296299999999998,20.2593,20.0,25.4444,15.3333,-0.777778,,-14.7778,,0.39658899999999997,-1.58561,0
,,,,,1.16667,0.522223,5.66667,26.1333,33.0,29.0,41.0,29.0,-12.0,,-12.0,,0.28683400000000003,-2.09121,5
,,,,,0.333333,0.08888889999999999,0.5,0.21111100000000002,1.66667,0.11111099999999999,4.44444,0.44444399999999995,-4.66667,,-3.66667,,0.977778,-2.15598,2
,,,,,1.33333,0.7111109999999999,1.33333,0.711109,40.5185,37.7778,47.6667,36.1111,-8.22222,,-13.2222,,0.24473000000000003,-1.9427,3
,,,,,1.5,1.63333,1.55556,0.874074,21.7037,21.2222,27.5556,16.3333,-1.44444,,-16.1111,,0.407364,-1.63224,0
,,,,,0.9444450000000001,0.64693,6.05556,2.46231,54.5185,48.6667,67.1111,47.7778,-17.5556,,-20.2222,,0.28979299999999997,-2.0465400000000002,5
,,,,,2.27778,2.10741,4.0,2.0,21.9259,20.5556,28.6667,16.5556,-4.11111,,-16.1111,,0.42139499999999996,-1.72879,0
,,,,,0.722222,0.41851800000000006,5.83333,20.9222,9.88889,6.0,17.0,6.66667,-11.6667,,-9.66667,,0.676581,-2.15026,4
,,,,,0.388889,0.10740699999999999,0.333333,0.13333299999999998,5.629630000000001,6.77778,7.0,3.11111,3.44444,,-7.555560000000001,,0.575397,-1.09962,0
,,,,,1.66667,0.8,3.66667,2.88889,21.2222,20.6667,27.3333,15.6667,-1.66667,,-16.6667,,0.42781099999999994,-1.62715,0
,,,,,0.388889,0.0629629,1.72222,0.151852,13.4815,10.8889,12.5556,17.0,-7.77778,,10.5556,,0.359296,2.37785,6
,,,,,0.666667,0.666666,0.9444440000000001,0.772201,112.963,99.3333,131.111,108.444,-40.8889,,-13.5556,,0.242337,-2.39506,1
,,,,,0.9999969999999999,1.1925700000000001,1.16667,1.14988,126.556,115.667,142.333,121.667,-32.6667,,-14.6667,,0.18729300000000002,-2.32803,1
,,,,,1.77778,1.12875,2.0,1.24722,50.1852,45.0,62.1111,43.4444,-15.5556,,-20.2222,,0.30043000000000003,-2.00738,5
,,,,,1.9444400000000002,1.45169,2.33333,2.82056,10.3704,7.66667,9.66667,13.7778,-8.11111,,10.2222,,0.44596899999999995,2.42638,6
,,,,,0.5,0.122222,1.9444400000000002,2.37407,4.22222,4.33333,6.33333,2.0,0.333333,,-6.66667,,0.708333,-1.53976,0
,,,,,1.05556,0.462963,1.0,0.577778,6.33333,7.888889999999999,7.33333,3.7777800000000004,4.66667,,-7.66667,,0.537017,-0.909267,0
,,,,,0.666668,0.730297,1.33333,1.33333,113.0,99.4444,131.111,108.444,-40.6667,,-13.6667,,0.241459,-2.39356,1
,,,,,3.55556,7.5407399999999996,14.8333,152.7,36.6296,31.3333,46.2222,32.3333,-15.8889,,-12.8889,,0.29484499999999997,-2.31687,5
,,,,,1.5,0.477778,1.77778,1.71852,14.0,10.7778,13.6667,17.5556,-9.66667,,10.6667,,0.385727,2.5573099999999998,6
,,,,,0.722222,0.818519,1.11111,0.251852,6.48148,2.33333,12.5556,4.55556,-12.4444,,-5.77778,,0.816909,-2.32229,2
,,,,,0.5,0.547722,2.83333,2.04124,19.7778,16.3333,26.1111,16.8889,-10.3333,,-8.66667,,0.37553200000000003,-2.15064,4
,,,,,2.88889,2.88033,3.61111,2.23524,50.4074,45.4444,62.0,43.7778,-14.8889,,-19.8889,,0.293991,-1.9950700000000001,5
,,,,,2.27778,2.13351,3.7777800000000004,1.7847099999999998,61.037,54.1111,76.4444,52.5556,-20.7778,,-25.4444,,0.31254099999999996,-2.02659,5
,,,,,0.388889,0.24074099999999998,0.611111,0.151852,5.40741,6.888889999999999,6.33333,3.0,4.44444,,-7.22222,,0.564153,-0.897859,0
,,,,,0.555557,0.27216399999999996,1.22222,0.720082,113.259,100.77799999999999,130.111,108.889,-37.4444,,-13.1111,,0.225384,-2.38531,1
,,,,,1.44444,0.785185,4.5,5.67778,22.3333,21.7778,28.5556,16.6667,-1.66667,,-17.0,,0.416299,-1.63686,0
,,,,,0.555553,0.0740745,1.22222,0.429626,110.48100000000001,97.8889,131.111,102.444,-37.7778,,-24.1111,,0.253299,-2.23887,1
,,,,,0.666667,0.399999,1.61111,0.8629629999999999,110.037,100.77799999999999,126.333,103.0,-27.7778,,-21.1111,,0.202279,-2.18542,1
,,,,,1.55556,0.9583940000000001,4.72222,2.64505,23.037,17.1111,22.5556,29.4444,-17.7778,,19.2222,,0.420767,2.56105,6
,,,,,1.72222,0.9289569999999999,2.05555,1.55516,64.3704,56.8889,79.4444,56.7778,-22.4444,,-22.7778,,0.289362,-2.08957,3
,,,,,6.16667,9.98889,12.8889,28.7852,14.3704,9.0,22.6667,11.4444,-16.1111,,-8.77778,,0.6647850000000001,-2.27421,2
,,,,,0.666667,0.47140299999999996,11.1111,10.0148,116.704,105.889,133.0,111.22200000000001,-32.4444,,-16.4444,,0.20299,-2.29549,1
,,,,,0.777778,0.518518,0.722222,0.28518499999999997,3.55556,1.77778,7.22222,1.66667,-5.33333,,-5.66667,,0.779497,-2.07124,4
,,,,,0.9444440000000001,0.712326,1.61111,1.1038700000000001,124.259,113.0,140.333,119.444,-33.7778,,-14.4444,,0.19475399999999998,-2.34116,1
,,,,,1.27778,0.507408,9.22222,73.0963,44.0741,38.0,54.5556,39.6667,-18.2222,,-13.2222,,0.308104,-2.23829,5
,,,,,1.61111,2.42594,2.66667,1.5055399999999999,22.8519,19.7778,21.2222,27.5556,-9.22222,,14.1111,,0.28661,2.2826299999999997,6
,,,,,1.27778,0.32963000000000003,0.666667,0.9333319999999999,39.7037,36.3333,48.2222,34.5556,-10.1111,,-15.4444,,0.282964,-1.96265,3
,,,,,1.44444,2.82963,1.27778,0.862964,21.037,20.5556,26.6667,15.8889,-1.44444,,-15.4444,,0.404791,-1.63442,0
,,,,,0.9444440000000001,0.712325,0.388889,0.49065299999999995,0.703704,0.333333,1.66667,0.11111099999999999,-1.11111,,-1.77778,,0.8611110000000001,-1.9869400000000002,4
,,,,,0.5,0.547722,2.83333,2.04124,19.7778,16.3333,26.1111,16.8889,-10.3333,,-8.66667,,0.37553200000000003,-2.15064,4
,,,,,2.5,0.983193,2.11111,2.8100400000000003,58.6296,51.7778,73.3333,50.7778,-20.5556,,-23.5556,,0.307985,-2.04806,5
,,,,,0.555556,0.385185,0.666667,0.4,6.44444,7.555560000000001,8.11111,3.66667,3.33333,,-8.33333,,0.56433,-1.1345399999999999,0
,,,,,1.11111,0.750308,3.38889,2.48924,41.7037,37.8889,50.6667,36.5556,-11.4444,,-15.4444,,0.278387,-1.993,5
,,,,,0.833333,0.43333299999999997,1.61111,1.1740700000000002,17.1111,19.0,19.8889,12.4444,5.66667,,-14.0,,0.378839,-1.1695200000000001,0
,,,,,1.05556,0.9981469999999999,1.72222,0.9981459999999999,1.9629599999999998,0.666667,4.22222,1.0,-3.88889,,-2.88889,,0.676888,-2.15243,2
,,,,,1.16667,0.744444,1.16667,0.655555,13.7037,10.6667,12.6667,17.7778,-9.11111,,12.2222,,0.40134699999999995,2.38268,6
,,,,,2.22222,0.655461,1.61111,1.02017,16.7037,15.3333,13.0,21.7778,-4.11111,,15.2222,,0.40474899999999997,1.82234,6
,,,,,0.555556,0.34426599999999996,0.611111,0.443054,106.51899999999999,92.8889,125.889,100.77799999999999,-40.8889,,-17.2222,,0.26209299999999996,-2.3448700000000002,1
,,,,,16.2778,40.863,14.1667,155.322,32.7778,24.3333,45.7778,28.2222,-25.3333,,-13.6667,,0.489062,-2.2863,2
,,,,,0.555555,0.272169,1.27778,0.772203,106.074,93.1111,125.444,99.6667,-38.8889,,-19.2222,,0.25774600000000003,-2.3062,1
,,,,,1.77778,0.429629,2.27778,4.1963,18.1852,14.2222,17.1111,23.2222,-11.8889,,15.1111,,0.389882,2.42802,6
