954,0,0,2,1,1,1,1,2,2,1,3,1,3,3,1,1,3,1,3,0,0,2,0,3,3,2,1,0,0,0,4,2,2,1,0,3,2,2,1,0,1,1,1,0,0,2,2,3,2,1,3,0,2,1,3,0,3,1,2,0,1
1358,3,1,3,3,1,2,2,0,1,2,3,1,0,2,0,1,3,1,2,3,2,1,1,0,1,2,1,0,0,0,0,0,2,0,0,3,3,3,3,0,0,0,1,1,2,0,3,3,3,0,0,0,1,3,1,3,1,2,2,2,1
2100,1,2,1,2,2,3,2,3,3,1,2,3,3,2,1,3,0,2,0,3,2,2,1,3,2,1,2,1,2,2,3,2,2,1,2,0,2,3,2,2,3,0,1,2,1,2,1,3,3,1,0,2,2,2,1,1,3,3,2,3,2
971,0,1,3,3,0,3,0,0,1,2,1,2,3,3,1,2,2,1,2,2,0,1,1,3,3,3,0,0,0,0,0,4,1,1,0,1,1,2,0,1,3,0,0,1,2,1,2,2,0,2,1,1,1,1,0,0,2,2,3,1,1
488,0,0,0,3,0,0,1,0,0,1,1,2,3,3,1,3,3,3,3,3,1,3,0,0,1,1,1,1,0,0,0,0,1,1,0,2,3,1,0,3,2,2,3,1,1,0,2,2,2,1,3,0,1,0,1,1,0,0,3,1,0
1307,0,3,1,2,0,1,3,0,3,2,2,0,3,3,2,1,3,1,3,3,0,1,3,0,3,2,1,1,0,0,0,2,4,3,3,0,3,0,2,2,1,3,0,1,1,1,1,2,0,3,1,1,1,1,2,1,0,2,0,0,1
2401,2,3,3,2,0,2,2,1,3,1,2,0,2,1,0,3,1,3,1,0,0,3,3,1,0,0,0,1,0,0,4,2,2,3,1,3,3,0,0,2,1,3,1,1,2,1,3,3,2,0,3,1,0,3,3,3,2,2,0,2,2
3152,0,2,1,0,2,1,1,1,0,2,0,2,3,0,1,3,0,2,3,1,2,0,1,3,0,0,1,3,1,3,0,3,1,1,2,3,0,0,1,3,3,3,1,3,0,0,3,0,3,2,2,0,0,3,1,3,1,0,0,1,2
1327,2,2,2,3,0,1,3,1,1,3,1,2,0,2,2,0,3,3,3,1,0,2,1,3,3,3,3,1,0,0,0,2,2,1,3,0,1,2,3,1,0,1,1,2,0,1,1,1,2,1,2,2,3,0,0,3,1,0,1,2,1
905,3,1,3,0,2,1,1,0,1,2,3,2,0,3,0,1,3,3,3,0,2,1,0,1,3,2,0,0,0,0,0,3,0,3,3,0,3,3,2,1,2,2,2,0,2,1,3,2,0,2,3,0,3,3,2,0,3,2,0,2,1
1825,1,0,3,3,0,0,1,0,1,3,1,0,3,3,3,2,3,3,3,0,3,0,0,1,3,1,1,3,1,0,4,3,0,3,0,3,3,0,2,2,1,1,3,0,0,2,2,1,1,1,3,0,0,2,1,1,3,3,3,0,2
86,2,1,3,3,2,1,1,2,1,0,0,3,0,3,1,2,1,0,0,0,3,2,1,2,1,2,1,0,0,0,0,0,2,1,1,3,2,1,1,2,3,1,2,1,0,3,2,2,0,3,1,3,0,0,3,3,1,1,2,3,0
1062,1,1,2,0,0,0,3,1,0,2,3,2,3,2,1,1,2,3,2,0,2,2,1,3,3,2,3,0,0,0,2,0,4,2,3,0,2,3,0,2,0,2,0,1,3,3,3,1,0,1,1,0,0,3,2,0,0,0,0,0,1
275,0,0,0,2,1,2,0,1,0,1,0,0,2,3,2,0,1,3,3,3,0,0,1,3,0,2,2,0,0,0,0,0,2,1,3,2,2,2,2,3,0,2,1,0,1,3,3,2,3,3,3,2,3,0,3,2,3,3,0,0,0
2938,1,3,1,2,0,1,3,3,3,1,1,1,0,2,2,2,1,1,0,1,3,1,2,1,3,3,3,0,3,0,4,3,1,0,2,2,3,1,1,3,1,3,2,2,0,0,1,2,0,3,2,2,3,3,0,0,0,2,1,2,2
2676,1,3,0,3,3,1,1,1,0,3,3,1,3,0,2,3,2,1,3,3,0,2,3,1,2,3,2,0,2,3,0,4,0,2,2,0,0,1,3,3,0,1,3,2,2,3,0,1,2,1,2,2,2,1,3,0,3,0,0,1,2
641,3,1,2,1,0,1,3,0,3,3,0,1,0,3,2,1,3,0,0,2,3,3,0,2,3,2,3,0,2,0,0,0,1,1,0,0,3,0,0,2,2,1,3,0,3,0,1,2,0,1,0,0,2,0,1,1,1,3,2,0,0
2260,0,3,2,2,3,3,0,3,0,1,3,3,1,0,3,3,2,1,3,3,0,0,2,2,3,3,0,1,1,2,3,0,4,0,2,2,2,3,0,3,2,3,1,3,1,2,0,3,2,3,3,2,3,3,2,0,2,3,0,3,2
988,1,3,1,3,2,3,3,3,1,1,1,0,1,3,0,3,2,1,2,3,2,1,1,3,1,3,0,0,0,0,4,0,0,1,3,1,0,2,0,3,0,3,0,3,3,1,3,2,3,0,1,0,0,0,3,2,1,0,3,0,1
765,2,0,1,1,2,1,1,0,1,2,3,2,0,3,0,1,2,3,3,3,2,1,0,1,3,3,0,0,0,0,0,4,0,3,3,0,3,3,2,1,2,2,2,0,2,1,3,2,0,2,3,0,3,3,2,0,3,2,0,2,1
1917,0,0,2,2,2,2,3,1,2,2,3,1,2,1,0,1,2,2,2,2,1,3,1,1,3,1,1,1,2,1,4,2,0,1,1,3,1,0,2,1,0,1,3,3,2,2,0,0,2,3,3,3,3,0,3,2,0,3,0,2,2
1265,2,1,1,0,0,3,0,2,0,2,3,2,0,0,1,1,3,0,1,3,0,0,3,3,3,2,1,0,0,0,4,0,4,2,2,3,1,3,1,2,2,2,2,2,3,0,3,1,1,2,1,0,3,1,1,2,3,2,3,1,1
2113,3,2,3,1,2,1,3,2,1,0,1,1,3,1,3,0,3,1,0,2,3,0,0,3,1,3,1,1,3,2,3,0,0,1,1,2,2,3,2,1,3,1,1,1,2,1,0,1,2,2,1,1,1,1,3,2,3,1,1,0,2
1446,3,3,3,3,0,1,1,3,3,0,0,3,3,2,1,2,2,0,0,1,1,2,1,3,3,3,0,0,0,0,0,0,2,2,0,2,3,0,1,0,0,2,2,3,1,2,2,3,3,2,0,0,3,2,0,2,1,0,3,2,1
160,2,3,1,0,3,1,1,1,2,0,1,2,0,1,3,3,1,3,0,0,3,3,0,0,2,3,1,1,0,0,0,0,2,2,1,3,3,0,0,3,1,1,2,3,1,0,1,0,0,1,2,3,2,0,1,3,0,3,2,2,0
1515,0,2,2,1,1,0,3,2,3,0,3,3,0,2,1,1,2,1,3,0,3,2,1,3,3,0,3,0,0,0,2,0,0,2,1,3,3,1,3,0,0,3,0,2,3,0,0,1,1,3,1,2,0,0,2,2,0,3,0,0,1
64,0,2,1,0,2,3,2,1,2,1,2,0,2,2,1,2,1,3,3,3,2,3,1,3,0,0,3,2,0,0,0,0,2,2,2,0,3,0,3,1,1,3,2,3,1,2,0,2,3,3,0,3,2,0,0,3,3,1,0,3,0
2645,1,0,0,0,0,0,3,1,0,3,2,1,0,3,3,2,3,3,3,3,0,1,1,2,2,0,0,0,2,3,3,3,0,2,1,1,0,1,2,2,3,0,0,3,0,3,1,2,0,2,1,0,2,0,1,3,0,1,0,1,2
98,2,2,3,1,3,1,3,3,1,2,0,0,3,0,1,1,2,0,0,0,2,1,3,1,1,2,1,1,0,0,0,0,2,1,0,3,3,0,2,1,2,0,2,1,2,0,1,0,0,2,1,2,1,2,1,1,0,0,2,3,0
2610,0,3,3,3,3,1,2,3,2,0,1,2,1,3,0,0,3,3,1,1,0,2,0,0,2,3,1,3,0,1,3,2,2,3,0,1,1,0,0,0,0,0,0,0,3,2,0,0,0,3,1,1,2,2,1,2,3,3,0,1,2
2469,2,1,2,3,3,3,1,3,3,1,3,0,1,0,2,0,3,1,2,2,1,3,2,3,1,3,0,3,3,3,4,4,4,0,2,2,3,1,3,3,2,1,1,0,3,3,3,3,1,0,3,0,3,2,0,2,3,0,2,0,2
2788,2,2,1,0,2,2,1,1,2,1,1,1,1,1,0,3,1,0,1,1,3,3,0,2,0,1,3,2,1,2,4,4,1,2,2,3,3,0,0,3,2,3,2,1,0,2,0,0,3,2,1,0,1,1,2,2,0,2,1,1,2
507,3,1,3,0,0,2,0,0,3,3,0,3,1,3,3,3,3,3,1,1,3,3,1,1,2,1,0,0,2,0,0,0,1,1,0,0,3,3,0,2,1,1,0,0,0,0,1,1,1,0,1,3,1,0,0,0,2,3,2,3,0
2792,0,2,0,1,0,1,1,2,1,0,2,3,2,1,2,2,3,1,2,3,0,3,1,2,2,1,0,2,0,2,0,0,0,2,1,0,3,0,3,0,2,1,3,3,2,2,0,2,2,3,3,0,3,0,1,2,2,3,0,0,2
2558,0,3,1,2,0,3,0,1,0,0,1,0,1,3,1,2,1,3,1,1,3,1,1,0,1,1,1,2,2,0,0,2,4,1,3,0,2,0,3,0,1,1,1,0,2,1,1,1,3,0,1,3,0,3,2,2,2,1,1,2,2
990,3,0,3,1,1,1,2,1,3,0,1,2,0,3,2,1,3,0,0,3,2,2,1,3,3,2,1,0,0,0,0,2,4,2,3,1,3,1,3,2,2,3,2,1,0,2,2,2,2,1,2,1,1,1,1,2,0,3,0,0,1
640,0,0,1,3,0,1,1,3,1,1,3,1,2,1,1,1,1,3,2,0,0,1,0,2,3,0,1,0,0,0,0,0,0,1,0,3,1,2,1,2,1,1,2,2,0,0,2,2,3,0,0,0,1,1,0,0,1,0,1,0,0
1562,1,3,1,1,0,3,0,2,3,0,2,0,1,1,3,0,0,2,1,2,2,3,2,1,2,1,0,1,1,2,0,3,2,3,0,1,1,3,1,1,2,2,0,0,3,2,0,1,3,2,3,1,2,3,2,2,2,3,1,1,2
2014,2,0,1,2,3,1,2,0,2,0,1,1,3,1,3,1,3,1,0,1,1,2,0,3,3,3,1,1,1,1,3,3,4,0,3,1,0,1,1,0,1,2,3,0,2,0,0,1,3,2,1,1,0,0,3,0,1,0,2,2,2
1905,3,0,0,3,1,2,0,2,2,3,1,0,2,3,3,1,3,2,3,0,0,3,1,3,0,2,3,0,0,2,0,0,1,1,3,1,1,2,0,0,3,0,0,0,2,3,0,1,1,0,1,1,2,2,2,0,3,2,2,3,2
1604,2,1,3,3,3,3,2,3,3,0,2,3,2,1,1,2,0,2,0,2,3,3,3,3,1,3,1,1,2,3,0,3,2,0,0,1,2,2,2,0,0,3,1,3,0,3,3,3,2,2,3,1,2,2,0,1,1,3,0,2,2
2270,1,1,0,3,2,1,1,0,2,0,1,2,0,0,2,0,2,0,2,2,1,1,2,0,0,0,0,2,1,0,2,0,1,2,3,3,3,3,1,2,1,1,2,2,0,3,1,2,0,3,1,2,1,3,3,0,2,2,3,0,2
1903,1,0,0,0,0,0,2,0,0,1,2,0,2,2,2,0,0,2,1,2,2,3,1,2,2,3,2,1,1,2,0,0,2,2,3,2,3,1,3,0,0,1,1,0,3,3,2,0,2,3,2,1,2,2,3,1,1,0,0,1,2
2253,1,1,0,1,3,3,3,2,0,2,1,0,0,1,3,2,1,0,2,3,0,2,0,2,0,1,0,2,0,1,2,0,0,1,0,3,3,1,0,3,2,1,2,0,2,1,1,0,1,0,1,0,1,1,2,1,2,0,0,1,2
2530,1,1,2,2,1,0,3,0,3,3,2,0,0,0,2,0,2,3,0,0,3,1,3,3,1,2,2,0,2,2,2,4,1,3,3,2,0,1,2,1,2,3,3,2,1,1,3,2,0,3,3,1,2,2,3,2,1,1,3,2,2
2496,3,3,1,2,2,1,3,0,3,2,3,1,1,1,3,2,0,2,1,0,1,3,2,1,2,3,0,0,0,0,0,3,4,2,2,2,2,0,2,0,1,2,3,3,2,3,0,1,0,1,0,0,0,2,0,2,3,3,0,0,2
636,2,3,1,0,2,2,1,3,2,1,1,1,3,3,2,2,1,3,3,2,2,3,3,3,1,2,1,0,0,0,0,0,4,3,0,0,1,2,2,1,0,0,3,2,0,0,0,1,1,1,2,1,0,1,0,0,0,2,3,2,0
412,3,3,2,0,2,3,0,0,3,1,2,3,2,1,1,1,3,1,1,2,3,1,2,1,2,3,0,1,0,0,0,0,2,1,0,2,1,2,3,3,2,0,0,2,1,2,3,3,0,3,2,3,0,3,0,1,1,0,3,3,0
1360,0,2,0,0,3,0,0,1,2,2,3,2,0,3,1,2,3,3,2,3,0,1,2,2,2,0,1,0,0,0,4,2,4,2,2,3,0,1,2,3,1,3,2,1,2,1,1,3,1,1,1,2,1,0,2,2,2,0,2,1,1
764,0,0,2,0,2,3,2,0,0,2,0,3,3,3,3,3,3,1,3,1,2,2,1,0,2,2,3,0,0,0,0,4,4,3,3,1,2,1,1,2,1,2,1,0,3,2,2,1,3,0,2,2,3,0,1,0,2,3,1,0,1
1124,0,0,3,1,2,1,1,0,2,3,0,3,0,2,1,2,3,0,3,3,0,2,1,0,3,2,3,0,0,0,2,2,2,3,0,0,1,2,0,2,0,0,2,2,3,1,2,1,2,0,1,2,0,1,3,0,1,0,2,3,1
1505,0,2,2,3,1,0,3,2,3,0,1,3,0,2,1,1,2,1,3,0,3,2,1,3,3,0,3,0,0,0,2,0,0,2,1,3,3,1,3,0,0,3,0,2,3,0,0,1,1,3,1,2,0,2,2,2,0,3,0,0,1
1738,0,2,1,1,1,2,2,3,0,2,3,1,2,2,2,1,2,3,3,0,1,1,3,0,3,1,0,2,0,2,0,3,0,2,1,3,3,1,0,3,2,2,2,0,0,0,2,3,0,2,0,3,2,3,1,2,2,0,2,0,2
2431,0,0,0,0,1,3,0,3,2,0,0,1,2,1,3,0,3,2,1,1,2,2,1,2,0,2,3,1,0,2,2,0,0,1,2,2,1,0,2,3,3,1,1,0,3,1,0,0,1,3,1,0,3,3,3,1,0,3,1,1,2
1420,2,2,2,1,1,2,0,0,3,1,2,2,3,2,3,2,2,1,3,0,2,2,0,2,1,3,1,3,0,0,0,2,4,3,2,3,3,2,2,1,2,3,3,2,0,3,2,2,3,3,1,1,3,2,1,2,2,0,0,2,1
1807,1,3,2,0,1,0,3,3,0,0,3,0,2,1,0,1,0,2,3,3,2,3,3,0,1,2,3,1,3,2,4,4,2,3,3,1,1,3,1,1,0,2,0,3,2,1,3,2,1,2,1,0,3,2,2,3,3,2,1,3,2
2835,2,0,0,0,3,3,3,0,1,0,2,2,1,3,1,2,2,2,2,2,0,0,3,0,2,3,3,1,0,0,0,3,2,3,2,0,3,3,2,1,2,0,1,1,1,3,2,3,1,0,0,0,2,3,0,1,0,2,1,3,2
1474,2,3,1,2,3,2,2,1,3,2,0,0,3,1,1,1,3,1,0,0,2,1,3,0,1,1,2,0,0,0,4,0,2,2,3,2,3,1,1,2,1,2,2,0,1,1,1,0,3,1,1,2,1,1,0,1,1,1,1,0,1
1942,0,0,2,2,0,0,0,3,3,0,0,2,0,2,1,2,0,1,2,2,3,0,2,2,0,2,1,3,2,1,3,0,1,3,3,3,1,3,1,1,3,3,2,1,0,2,2,3,1,1,3,0,2,1,2,0,3,3,0,1,2
2409,0,0,0,0,1,2,2,0,2,2,0,3,2,1,3,3,0,2,0,0,2,3,1,2,0,2,2,2,1,2,0,0,2,0,1,3,1,3,1,2,1,3,2,2,0,1,2,2,2,0,2,3,3,1,1,2,2,0,1,3,2
475,2,2,0,2,2,2,0,1,2,1,1,0,2,3,2,3,3,1,2,3,0,0,0,1,3,3,0,0,0,2,0,0,2,1,0,0,2,2,1,0,0,0,0,3,3,1,1,0,1,2,3,3,0,0,3,0,3,1,3,2,0
1989,0,3,1,0,1,3,0,2,0,3,2,0,1,1,1,2,2,1,1,0,2,1,3,3,1,2,3,3,1,1,2,4,4,0,1,0,2,2,2,3,1,3,3,2,1,2,2,3,2,3,3,1,2,3,0,3,0,0,3,2,2
992,2,0,0,1,2,2,2,0,0,2,3,1,0,3,0,0,2,3,2,3,2,1,1,0,3,3,0,0,0,0,4,4,4,2,1,2,3,3,1,2,3,0,2,2,0,0,2,2,3,3,2,1,0,0,1,2,2,0,0,0,1
1981,0,2,0,1,0,0,0,0,3,0,1,0,0,0,3,0,2,1,3,1,3,0,1,3,3,0,1,1,1,0,2,4,4,1,3,1,0,0,0,3,2,1,1,1,0,0,1,1,3,0,1,1,1,2,3,1,1,3,2,3,2
2605,2,1,0,2,1,2,0,3,2,3,0,3,2,1,3,1,2,1,3,0,0,0,0,2,1,2,1,3,1,0,3,3,2,0,0,1,0,1,1,0,0,2,3,0,2,0,0,2,0,1,2,2,1,0,2,2,2,2,3,0,2
2038,3,3,1,0,3,2,1,0,0,0,0,3,3,0,2,0,1,0,1,2,0,0,3,0,1,0,0,1,1,2,3,2,0,0,0,1,2,1,3,0,0,0,1,0,3,3,0,1,2,0,0,2,3,0,1,3,0,1,0,1,2
2046,1,3,2,1,2,1,3,2,0,3,2,0,2,0,0,0,2,2,2,2,3,0,3,0,1,0,2,3,1,3,2,4,2,3,1,2,1,3,3,1,0,1,1,0,0,2,0,0,0,3,0,3,2,0,1,2,0,0,0,3,2
13,1,2,1,1,1,2,2,1,3,1,3,1,2,0,2,1,3,1,0,2,1,0,2,0,1,3,1,1,1,0,0,0,1,1,0,0,2,0,3,1,2,2,0,3,1,1,0,0,2,1,0,0,0,0,1,2,2,3,0,0,0
2425,0,0,3,1,2,3,1,2,1,3,2,1,3,1,2,1,0,0,1,2,3,3,2,1,0,1,3,1,2,1,2,4,1,3,2,1,1,3,1,1,0,1,2,3,2,1,1,3,0,0,1,1,0,0,1,1,3,2,1,1,2
2573,0,1,3,3,3,0,0,3,1,0,0,3,2,0,3,0,1,1,0,1,2,3,0,0,1,2,0,1,1,0,0,0,0,2,1,0,1,1,3,0,3,3,2,1,0,2,2,0,1,0,1,2,1,3,3,0,1,2,1,2,2
951,3,1,1,0,0,2,2,3,3,2,2,2,2,1,3,3,3,1,2,1,0,0,3,3,1,2,1,0,0,0,3,2,4,0,3,3,0,3,3,2,1,1,1,0,3,3,2,1,3,2,1,3,0,0,0,1,2,2,2,0,1
2531,0,0,2,0,1,2,0,2,3,1,2,0,2,0,0,3,1,2,0,1,1,0,2,2,3,0,1,1,1,1,4,3,0,1,1,1,0,0,2,2,1,2,2,2,3,3,3,3,1,2,0,0,2,1,2,0,3,0,0,2,2
552,1,1,0,1,2,0,2,2,1,2,0,0,0,3,3,1,3,2,0,0,3,3,1,1,2,2,2,0,3,0,0,0,2,1,0,1,3,3,3,1,1,0,2,0,0,0,1,3,1,0,2,3,2,1,3,1,3,1,3,3,0
2851,2,1,3,2,0,1,0,1,2,2,2,1,3,2,1,0,3,0,3,0,0,0,3,1,3,1,0,2,0,1,2,0,1,0,2,1,2,2,0,0,0,0,1,3,0,1,2,2,0,2,1,0,1,0,3,2,1,1,0,1,2
2314,1,0,2,2,1,3,1,3,2,3,2,3,1,3,2,2,3,2,0,1,1,0,3,3,1,1,3,1,3,0,3,4,2,3,1,2,2,2,2,1,1,3,3,1,1,2,0,0,2,1,3,3,3,0,3,1,3,3,0,2,2
97,0,0,0,2,3,3,1,0,1,0,0,0,3,3,1,2,3,1,3,0,0,2,0,1,0,2,0,1,3,0,0,0,1,1,0,0,3,3,1,2,0,2,0,0,0,0,0,1,2,1,2,2,1,0,1,1,1,2,0,3,0
2042,1,1,0,2,2,1,3,1,3,3,2,0,1,2,1,2,3,1,0,3,3,3,2,3,2,3,2,3,3,1,3,2,2,0,2,2,2,2,3,0,3,1,3,2,2,2,2,3,3,1,2,2,2,2,0,2,2,2,0,0,2
2864,0,1,1,1,0,1,3,2,2,0,2,3,0,3,3,2,2,3,2,1,1,0,0,1,2,3,0,3,3,0,3,3,0,1,0,3,1,2,1,0,2,0,2,2,3,1,2,1,1,1,0,1,1,0,0,1,3,0,2,0,2
391,2,3,0,3,2,3,3,0,1,3,2,0,2,0,2,0,1,1,2,2,3,3,0,3,3,1,1,1,0,0,0,0,2,0,0,0,2,2,1,0,1,2,3,2,1,2,2,3,0,2,2,2,1,3,0,2,3,3,0,2,0
1531,0,0,1,3,3,3,0,0,1,1,2,0,1,2,1,0,3,0,2,0,3,1,3,1,3,0,1,3,2,2,2,2,1,2,2,1,1,0,1,1,1,1,1,3,1,2,0,0,2,0,3,0,2,2,3,2,0,1,1,2,2
1105,2,1,3,1,1,1,3,0,1,0,3,2,3,3,2,2,3,3,3,3,0,0,1,3,1,3,0,0,0,0,4,3,1,2,1,3,3,3,3,1,0,3,0,0,0,3,2,2,0,1,2,3,1,1,0,1,0,2,1,0,1
2478,0,3,0,1,2,3,0,0,0,2,3,1,1,0,0,1,2,0,3,1,0,1,0,0,3,0,0,0,3,1,3,2,2,3,1,1,1,0,3,2,0,0,2,2,0,2,1,3,1,0,2,3,0,0,3,1,0,0,0,0,2
155,3,0,2,0,1,0,3,0,3,0,0,3,0,3,3,1,3,2,1,0,2,3,3,1,1,3,0,1,0,0,0,0,1,1,0,2,2,1,0,2,0,0,0,1,1,1,1,2,0,1,2,1,1,2,0,0,2,1,3,3,0
645,3,1,1,0,0,1,2,3,2,3,1,0,0,3,2,0,2,1,2,3,0,1,1,0,2,2,1,0,0,0,0,0,1,2,2,3,3,3,1,2,2,0,0,3,0,3,2,1,1,1,0,3,2,0,0,0,1,3,2,3,0
1800,1,2,0,2,1,2,3,0,3,1,0,3,0,0,0,2,2,2,1,2,3,0,2,2,2,0,3,1,0,2,0,0,2,3,1,2,3,2,1,2,1,2,2,1,0,3,2,0,2,3,2,2,1,1,1,3,2,1,3,3,2
1557,2,2,0,3,1,1,3,0,0,1,3,0,2,3,2,2,3,1,3,3,1,2,0,3,0,3,0,3,1,3,4,2,4,2,2,2,1,2,0,0,1,2,0,3,3,2,0,1,3,2,2,3,2,2,1,1,0,3,0,3,2
1284,3,3,2,2,0,0,1,1,3,0,3,0,1,0,0,3,3,3,3,1,2,2,3,0,3,2,3,3,0,0,0,4,1,2,1,1,2,1,2,2,3,0,1,3,1,3,0,0,0,3,3,0,1,3,2,3,3,1,1,3,1
21,0,2,3,0,2,0,2,3,3,0,0,3,0,0,0,3,1,2,0,3,3,1,1,2,0,0,1,0,2,0,0,0,1,1,0,2,3,0,0,2,1,1,1,2,1,0,1,3,3,3,1,3,3,0,1,1,1,0,1,3,0
250,3,0,3,3,3,1,3,2,2,3,2,1,0,0,1,2,3,2,0,1,3,0,0,2,3,2,1,1,0,0,0,0,1,2,0,0,2,2,0,3,2,1,3,0,0,0,0,3,1,1,0,0,1,1,1,1,1,1,1,2,0
1716,3,1,1,2,3,3,0,2,1,0,1,0,0,0,3,1,0,1,2,0,0,2,1,3,0,1,2,0,0,1,4,2,2,3,3,0,2,1,3,3,1,3,2,3,2,1,2,0,1,1,3,3,3,1,0,1,0,3,2,3,2
2429,3,2,3,2,3,1,2,1,1,2,2,3,2,0,0,3,0,0,0,2,0,0,1,3,3,1,1,3,1,1,2,0,1,3,0,0,3,0,1,0,1,3,0,1,2,0,3,1,0,2,1,1,2,0,1,3,1,1,1,0,2
1267,0,3,3,1,0,1,1,0,1,2,2,2,0,2,0,2,3,3,1,0,0,1,0,0,3,2,0,0,0,0,4,0,0,3,3,0,0,0,0,3,2,0,1,0,0,0,3,1,1,1,0,2,1,3,0,1,0,0,2,3,1
1609,2,0,2,1,2,0,2,3,1,2,2,3,0,1,3,0,0,2,0,2,3,3,0,1,3,1,0,0,1,0,2,3,1,2,0,3,1,0,0,1,1,2,0,1,0,1,2,2,0,0,0,0,0,0,2,1,2,0,0,0,2
558,1,3,2,3,3,2,1,2,2,1,0,3,3,3,2,2,2,0,2,0,3,1,1,0,1,1,0,2,2,0,0,0,2,0,0,2,3,0,0,1,2,0,3,0,1,1,2,1,2,0,1,0,1,2,2,2,2,0,3,0,0
2563,1,0,1,0,3,3,1,2,2,3,1,0,0,1,1,2,1,3,1,1,0,3,1,1,3,1,0,2,3,2,2,2,2,3,0,3,3,0,0,0,1,0,0,0,3,0,2,2,0,3,0,3,0,2,2,3,0,0,1,1,2
1944,3,3,3,3,3,2,1,2,2,2,2,1,3,0,1,1,0,0,2,2,2,3,0,2,1,1,1,1,1,1,4,0,0,0,0,1,0,2,0,2,2,0,3,0,0,1,2,1,0,1,3,3,3,1,2,3,3,0,2,2,2
1831,0,2,0,1,2,0,0,0,1,3,0,2,3,1,0,1,0,1,3,1,3,3,0,0,3,0,0,3,2,1,3,3,2,2,2,2,2,3,2,1,1,3,3,1,2,1,2,1,0,1,1,3,0,2,3,2,0,3,1,1,2
287,3,2,3,2,2,1,2,3,0,1,0,0,2,0,1,0,1,2,1,0,2,3,2,2,3,3,1,1,1,0,0,0,2,1,0,2,2,2,2,3,3,3,3,2,1,2,0,0,3,3,1,2,1,0,0,3,0,2,2,3,0
2796,1,1,0,2,1,2,3,0,2,0,1,3,2,3,2,0,3,2,0,2,3,3,1,3,0,1,0,1,1,1,4,3,2,2,0,1,0,1,2,3,2,0,2,3,1,1,3,1,2,2,2,2,1,2,0,1,1,1,1,3,2
2810,3,1,3,3,0,0,2,0,1,3,1,1,3,3,2,3,3,3,2,3,1,0,2,0,1,1,1,1,1,2,3,2,2,2,3,2,2,2,1,3,2,0,3,3,3,3,3,1,0,1,0,2,0,0,0,3,1,0,3,0,2
767,2,1,3,1,1,1,1,0,0,2,2,1,0,3,1,2,3,3,0,1,2,3,3,2,3,2,3,0,0,0,4,0,4,2,3,2,2,0,0,2,2,2,0,3,3,1,2,1,2,0,0,0,0,1,1,1,0,1,2,1,1
1639,0,2,0,1,0,0,2,3,3,2,3,1,3,2,1,2,0,1,2,0,0,2,1,3,1,2,3,2,2,3,2,0,0,2,3,2,3,0,2,1,0,2,2,1,1,0,3,1,0,3,3,1,0,0,0,3,0,0,2,1,2
342,3,0,3,2,2,1,1,2,2,1,3,1,1,0,3,3,3,0,2,2,1,1,2,1,2,0,3,3,2,3,0,0,1,1,0,0,3,1,3,3,2,1,2,2,1,0,0,2,0,1,2,2,1,1,3,0,2,2,3,2,0
1202,2,0,3,2,0,3,0,0,1,2,2,1,3,2,2,2,2,3,3,0,2,3,2,0,3,2,3,3,0,0,3,2,4,0,0,1,3,0,0,2,1,2,0,0,2,1,0,2,2,3,2,2,1,2,2,2,2,3,1,3,1
2071,1,0,3,2,2,3,0,0,3,0,3,3,0,0,2,0,1,2,3,3,3,3,0,2,2,0,3,1,0,3,2,4,4,0,1,0,3,2,0,3,1,3,1,2,3,2,1,3,3,2,2,2,2,0,3,2,2,2,3,0,2
1544,2,0,3,1,3,2,2,3,1,1,0,3,2,1,1,0,2,0,0,2,1,1,1,1,0,1,0,3,1,0,4,4,4,3,3,3,2,1,2,1,1,1,3,3,3,2,2,1,1,1,2,2,0,2,3,2,0,2,1,2,2
2814,0,2,1,0,3,1,1,2,2,3,1,0,0,3,1,2,3,1,0,1,0,1,3,1,3,0,1,0,2,3,2,0,0,0,1,3,1,0,0,3,1,2,0,1,0,2,1,2,3,1,2,1,0,0,3,2,2,1,2,2,2
1378,0,0,3,2,0,3,1,0,0,1,3,1,3,2,2,2,2,0,2,0,2,3,0,0,3,2,0,3,0,0,3,2,4,0,0,2,1,0,0,2,0,2,1,0,2,3,3,2,2,3,2,2,1,2,2,2,2,3,1,0,1
14,2,1,0,2,3,3,3,2,3,0,1,1,1,1,0,3,1,2,1,2,0,1,1,3,0,1,0,1,0,0,0,0,2,3,0,1,0,0,2,1,2,3,0,3,0,0,3,1,1,2,2,2,3,1,2,0,3,2,1,0,0
1688,3,1,1,0,1,0,2,0,0,3,2,3,3,0,3,2,0,0,3,3,1,2,2,2,0,3,3,3,1,2,0,0,0,0,0,1,1,3,1,3,1,2,1,2,2,3,3,0,3,1,0,1,1,1,0,2,3,3,3,3,2
371,1,2,1,1,1,2,2,1,3,1,3,1,2,0,2,1,3,1,0,2,1,0,2,0,1,3,1,1,0,0,0,0,1,1,0,0,1,0,3,1,2,2,0,3,1,1,0,0,2,1,0,0,0,0,1,2,2,3,0,0,0
740,3,1,1,1,3,3,0,3,0,0,1,1,3,1,1,0,1,2,0,1,0,1,1,3,0,1,3,2,0,0,0,0,1,1,0,3,1,2,0,2,1,3,2,1,0,0,0,1,0,3,2,3,1,3,1,1,1,2,1,0,0
710,2,2,2,3,0,3,0,1,0,1,2,1,2,0,0,1,3,2,0,2,2,1,3,3,2,2,1,1,0,0,0,0,0,3,0,3,0,1,3,0,2,1,3,0,2,1,2,1,1,3,1,3,3,2,2,0,2,2,0,1,0
559,0,1,3,1,3,1,1,0,1,2,0,2,1,3,2,1,1,3,2,1,1,1,3,1,0,3,1,0,0,0,0,0,2,1,1,3,3,0,3,2,3,0,1,0,0,3,2,3,3,0,1,0,3,3,2,3,3,2,2,2,0
2417,2,0,2,0,3,3,1,1,1,2,2,0,1,1,1,3,0,1,2,2,2,1,3,0,1,3,2,1,1,3,0,3,2,1,2,1,0,3,2,3,1,3,3,3,2,3,2,3,3,0,0,1,0,2,3,0,3,3,1,0,2
2110,2,1,2,2,1,2,1,2,0,3,3,2,3,0,0,0,3,2,0,1,1,3,1,2,0,1,0,2,0,0,3,0,2,2,2,3,0,0,0,2,3,3,3,2,2,0,3,1,3,3,0,0,3,3,0,3,3,0,3,0,2
388,2,3,0,0,2,0,3,3,3,3,3,2,1,1,3,1,2,0,1,2,1,0,0,0,1,0,2,3,1,3,0,0,1,1,0,0,2,2,3,3,3,3,1,3,1,3,0,3,2,0,0,1,2,0,3,2,0,3,0,3,0
2220,2,0,1,0,3,1,2,0,3,1,0,2,2,1,3,1,2,1,3,2,1,2,0,0,1,3,2,1,1,0,0,3,4,0,2,2,0,2,2,2,2,0,0,1,1,1,3,2,3,0,1,0,3,0,2,0,3,2,2,1,2
104,2,0,2,2,0,3,2,0,3,0,1,2,2,0,0,0,1,2,0,0,2,1,1,2,1,2,2,3,2,0,0,0,2,3,0,1,1,2,1,1,2,0,1,0,2,1,0,1,1,1,0,0,1,2,2,1,0,2,2,2,0
2872,2,3,2,1,2,1,0,3,3,0,1,0,1,0,1,3,3,1,2,3,2,2,3,3,0,2,3,2,1,2,3,2,4,1,3,2,2,1,2,1,2,2,3,3,1,2,0,1,1,2,2,3,3,0,3,1,0,2,0,0,2
866,3,1,3,1,0,0,0,1,0,1,3,1,0,0,1,2,3,2,2,0,0,2,1,0,1,0,1,0,0,0,0,3,2,3,3,1,1,0,1,0,3,3,1,1,0,3,2,2,3,0,2,2,1,1,1,0,2,0,1,0,1
1996,0,2,1,1,1,0,0,2,3,0,0,3,0,3,2,0,1,0,2,2,3,3,2,2,0,0,3,2,0,2,0,4,2,1,0,2,2,1,3,1,2,2,0,0,3,1,2,3,3,0,1,0,3,3,0,3,3,2,3,3,2
2049,1,2,2,1,0,0,3,3,1,0,3,3,0,0,0,1,2,0,0,2,1,2,0,3,3,2,2,0,0,0,0,4,1,2,3,2,3,0,0,2,1,2,2,1,0,2,0,3,1,2,0,2,3,1,0,2,2,3,0,2,2
1860,3,0,1,1,1,2,3,2,2,3,3,2,2,1,1,2,0,3,3,0,2,2,3,3,0,3,0,1,3,0,2,4,0,1,3,1,2,1,0,1,1,3,0,0,1,1,1,3,1,2,0,0,1,0,3,1,0,2,1,1,2
754,0,2,1,2,0,0,0,2,2,0,0,3,1,3,3,3,3,2,1,2,3,1,3,3,1,2,0,2,2,0,0,0,2,1,0,2,3,3,1,1,2,1,2,3,2,1,1,0,0,2,1,2,1,3,1,1,3,0,3,0,0
807,0,2,2,2,0,0,3,2,2,2,3,2,3,0,2,2,3,1,0,0,2,2,1,3,3,3,3,0,0,0,0,2,4,3,1,3,3,3,0,0,3,2,2,2,0,3,3,1,3,1,0,0,3,1,1,0,2,0,0,0,1
2194,1,0,2,1,3,1,3,2,3,3,3,0,0,0,3,2,0,3,2,2,3,0,0,1,0,2,2,3,3,3,3,0,1,3,0,0,1,0,0,0,1,1,3,1,0,2,2,2,0,3,3,1,2,1,1,2,0,3,0,1,2
2632,1,3,0,0,2,2,2,1,2,1,2,1,2,1,2,1,3,0,0,2,1,2,2,3,1,1,0,2,0,1,0,3,1,3,2,3,2,0,3,2,2,0,1,3,2,1,0,1,3,2,1,0,0,0,1,3,1,3,2,3,2
766,0,2,0,1,0,1,3,0,0,0,1,0,0,3,3,1,3,2,0,0,2,1,3,0,3,2,1,0,0,0,3,2,4,3,3,0,1,0,3,1,2,0,1,1,1,2,1,3,0,0,2,3,0,3,1,1,2,3,1,3,1
1296,3,1,0,1,0,3,0,2,3,2,3,3,2,2,2,2,2,1,0,3,2,1,3,2,3,2,1,0,0,0,0,3,2,3,3,3,2,0,3,1,3,0,2,1,0,3,2,1,1,0,3,3,2,1,0,0,0,0,0,1,1
3175,3,0,2,1,3,2,0,2,2,2,1,1,0,3,0,0,3,0,2,1,1,1,0,1,0,1,3,2,2,0,0,0,0,2,3,1,3,1,0,2,2,1,0,0,0,0,1,2,1,2,2,0,2,1,3,0,0,2,0,1,2
1349,0,0,2,0,1,1,3,0,1,0,3,1,0,3,2,0,3,3,2,0,3,1,1,1,1,1,2,0,0,0,0,4,0,0,2,1,0,0,0,1,1,2,0,1,1,0,1,2,0,0,1,0,1,0,1,0,3,3,0,2,1
827,1,3,3,1,0,0,2,0,1,2,2,0,0,3,2,0,2,0,2,0,0,2,3,1,1,2,2,3,0,1,4,3,2,3,3,2,1,2,1,0,1,2,2,0,3,0,0,2,0,1,1,0,1,3,1,1,0,0,1,0,1
1279,2,3,3,1,0,1,3,0,0,2,2,1,2,1,1,3,2,1,3,3,0,2,3,0,3,2,3,0,0,0,0,0,1,3,2,2,2,3,1,1,0,0,0,0,2,1,1,0,1,1,3,3,2,0,0,0,2,0,0,0,1
2277,1,2,0,2,3,0,0,0,3,3,3,2,3,2,3,0,2,0,3,1,2,0,2,2,2,1,0,3,2,2,3,0,0,1,0,0,3,1,0,0,3,0,1,1,1,2,3,1,3,0,1,0,3,2,3,3,2,1,1,2,2
47,1,1,1,1,1,2,2,2,2,2,2,1,2,0,3,3,0,3,1,3,1,1,2,0,1,3,1,2,0,0,0,0,2,1,0,1,3,1,1,2,1,2,0,0,3,3,2,0,1,0,1,0,3,1,2,3,3,0,2,3,0
2940,2,2,0,2,2,3,0,2,0,1,1,2,1,0,2,3,2,0,1,2,3,1,0,2,0,3,3,3,3,3,0,4,1,2,0,2,0,2,0,3,2,3,2,0,1,1,2,3,0,3,0,2,3,3,2,3,3,2,0,3,2
459,2,0,0,1,1,3,2,0,0,2,0,2,3,3,3,1,3,3,2,3,2,1,1,3,3,0,3,0,0,0,0,0,2,3,1,3,3,1,1,0,3,1,3,0,3,1,2,0,1,0,1,0,1,1,1,3,2,3,1,0,0
519,2,0,2,1,1,2,1,3,2,3,1,3,0,2,1,2,3,2,3,0,1,1,3,3,0,3,3,1,0,0,0,0,0,1,0,2,0,2,0,3,2,0,0,3,3,0,0,1,3,2,1,1,1,1,3,1,2,2,1,0,0
2207,0,1,3,1,3,1,1,1,2,0,1,1,1,2,1,1,0,0,3,1,0,2,3,0,2,0,1,2,0,3,0,0,1,1,3,0,3,0,0,0,3,1,1,2,0,2,0,2,1,3,1,0,2,1,2,1,1,1,1,1,2
384,1,0,2,2,0,0,1,0,0,3,2,2,3,1,1,0,3,2,2,2,1,0,2,1,0,0,0,1,3,0,0,0,2,1,0,2,0,1,2,1,2,2,2,3,2,0,0,1,2,1,3,3,0,3,3,0,1,0,2,2,0
2782,0,3,3,0,3,2,2,1,2,2,2,1,3,3,3,2,2,0,2,3,1,2,1,2,3,2,1,2,2,3,2,0,1,2,3,1,2,1,1,2,3,0,2,1,0,1,1,2,3,0,1,1,0,0,0,1,0,3,3,2,2
2536,1,1,2,3,3,1,2,3,3,0,1,0,3,3,2,0,1,3,0,2,0,0,1,2,1,2,0,3,1,0,2,0,2,0,0,2,0,2,0,0,2,2,2,3,2,0,1,2,2,1,1,2,0,2,3,1,2,3,1,0,2
2217,1,2,0,3,3,1,2,1,3,3,0,2,0,0,2,0,1,0,1,1,3,3,2,2,0,0,3,2,1,2,3,3,4,3,1,2,0,3,3,1,2,1,0,0,3,2,2,3,1,1,0,2,1,2,2,3,1,3,0,3,2
943,0,2,2,0,3,1,1,0,3,1,2,2,3,0,0,0,3,3,2,3,0,2,0,0,1,1,1,0,0,0,2,0,0,2,2,2,3,0,0,2,0,0,2,1,0,2,1,3,1,1,2,2,2,1,2,1,3,3,1,1,1
2422,1,3,3,2,1,0,3,2,2,0,2,3,0,0,2,3,0,3,1,2,3,0,3,2,3,1,1,1,0,3,3,0,4,3,0,1,2,2,2,2,0,3,3,2,1,1,3,0,0,2,3,1,2,0,0,3,2,1,3,3,2
71,3,3,3,3,2,0,0,1,2,3,2,0,0,1,2,0,1,3,1,3,2,3,3,1,3,1,1,1,0,0,0,0,1,3,0,1,1,0,0,1,1,0,0,0,2,0,2,1,1,0,2,2,1,0,3,1,1,2,1,0,0
58,2,1,0,0,2,0,0,3,2,2,3,1,2,0,2,2,1,1,2,3,1,1,2,1,0,0,2,2,1,0,0,0,1,1,0,3,2,1,2,2,3,3,0,1,1,2,1,0,2,2,0,2,3,2,0,0,3,1,1,3,0
2990,3,1,0,3,3,1,0,2,2,1,2,2,3,1,0,3,1,1,3,1,0,2,1,2,1,3,2,1,2,3,3,0,2,1,3,2,2,0,3,0,1,0,3,2,0,0,2,3,2,2,1,2,2,1,0,2,0,0,3,0,2
3094,1,1,3,0,2,1,0,3,2,0,1,1,1,1,1,2,2,3,0,1,0,3,3,1,0,3,0,0,3,1,3,3,1,3,2,3,2,2,0,3,3,1,1,1,0,2,3,2,1,0,2,2,3,1,1,3,2,0,2,1,2
1466,1,0,2,1,1,1,2,3,1,0,0,2,0,2,1,2,3,1,2,0,0,2,1,0,3,3,1,0,0,0,2,4,2,1,3,1,1,2,0,0,0,0,2,2,3,3,2,1,1,0,2,2,1,0,3,1,1,1,1,2,1
2215,2,1,3,2,3,3,3,1,0,0,1,2,3,0,2,0,0,1,1,0,3,2,3,3,1,3,2,2,3,2,0,3,4,3,0,0,3,0,0,0,3,3,3,0,2,0,0,1,0,2,3,1,2,3,2,1,1,1,3,1,2
1285,0,2,0,3,0,1,1,3,3,2,3,3,3,2,1,2,3,0,1,3,2,2,1,3,1,3,1,0,0,0,0,4,4,1,1,3,0,1,3,1,2,2,2,0,0,3,2,3,2,0,3,3,2,1,2,2,3,1,0,0,1
2769,0,1,3,3,1,1,2,3,1,1,3,2,0,1,1,1,3,3,3,2,3,3,3,0,0,1,0,1,0,0,0,0,4,2,3,0,0,1,0,1,2,3,3,1,3,0,2,1,0,0,3,0,0,0,2,0,3,0,1,2,2
2421,2,2,3,3,3,2,3,1,0,3,1,3,0,2,2,2,1,2,1,2,3,2,2,3,0,3,0,3,0,2,3,4,4,3,1,2,2,3,3,2,0,3,3,2,1,1,3,2,3,1,2,3,0,0,0,2,3,1,0,3,2
2649,0,0,3,1,0,0,3,0,3,0,3,0,2,2,0,1,3,3,1,1,0,0,0,3,3,2,3,1,2,3,2,4,4,0,0,2,2,0,2,0,3,0,0,0,3,1,1,3,2,1,1,0,0,3,3,0,2,3,2,3,2
2712,1,1,1,2,2,3,0,0,3,0,1,0,0,3,1,2,1,0,3,1,1,3,3,0,1,2,0,2,3,0,4,2,4,0,3,0,2,2,0,0,1,0,1,2,3,2,1,2,2,2,1,1,2,2,1,2,1,0,1,1,2
816,3,2,0,2,1,1,3,3,1,0,2,1,0,2,1,2,0,1,3,3,2,0,3,3,1,2,3,0,0,0,4,0,4,2,2,0,0,2,3,3,2,2,0,3,1,3,2,2,3,2,1,2,3,1,2,1,3,3,2,1,1
3171,3,2,0,2,2,3,1,2,0,2,3,2,3,3,2,0,3,1,0,3,1,3,0,2,0,0,2,0,2,1,3,0,0,1,0,2,3,3,1,0,2,2,0,3,3,3,1,2,3,0,0,2,3,2,0,3,0,0,0,2,2
454,3,0,2,1,0,0,2,3,2,1,2,3,0,1,1,3,1,1,2,2,2,1,1,2,0,0,0,1,3,0,0,0,2,1,0,2,1,0,0,3,1,1,3,1,0,2,1,0,1,1,0,0,1,0,1,2,2,2,1,1,0
1316,3,1,1,1,0,0,0,1,1,3,0,3,3,3,3,1,3,1,2,0,2,2,3,2,1,1,0,0,0,0,4,3,2,0,0,2,2,2,1,3,2,2,1,0,3,2,2,2,2,0,1,2,0,2,3,2,2,1,1,1,1
785,0,0,3,3,0,3,2,0,1,2,2,0,3,2,1,1,3,3,0,0,2,3,1,0,1,3,1,3,0,0,0,4,4,1,2,3,0,1,2,1,0,0,2,1,2,0,0,1,1,2,1,2,3,1,1,3,2,0,3,1,1
35,0,0,1,1,0,1,2,3,1,2,1,2,0,1,2,1,1,3,0,3,2,2,1,3,3,3,0,0,2,0,0,0,1,1,0,1,3,0,0,2,1,0,2,1,0,0,2,1,1,0,2,3,2,1,0,0,1,3,1,0,0
1728,2,2,2,2,3,3,0,0,0,1,3,3,3,2,0,3,0,2,2,2,0,2,1,3,1,3,2,3,1,3,0,3,2,1,2,2,0,1,0,0,0,0,3,0,3,3,0,3,2,3,3,0,1,3,3,3,2,0,0,2,2
749,1,2,1,1,1,2,2,1,1,1,3,1,2,0,2,1,3,1,0,2,1,0,2,0,1,3,1,1,1,0,0,0,1,1,0,0,1,0,3,1,2,2,0,3,1,1,1,0,2,1,0,3,2,2,3,2,1,3,2,2,0
3054,1,0,3,2,3,0,2,3,3,1,3,2,1,3,3,0,0,0,0,2,3,0,3,2,0,3,0,1,0,3,0,0,0,2,2,0,2,3,3,1,0,0,1,2,1,0,3,3,3,3,1,1,0,1,2,2,0,2,3,3,2
1334,1,3,2,3,1,3,1,1,2,2,2,3,2,2,0,2,3,1,2,0,2,3,3,0,1,3,1,3,0,0,3,4,4,3,1,1,1,3,3,0,0,3,1,1,1,3,3,3,3,3,1,3,1,0,1,0,2,0,3,3,1
2592,1,1,3,3,3,1,3,0,3,2,2,1,2,3,2,0,3,0,3,1,2,0,2,1,1,1,3,3,1,0,2,3,1,0,0,3,3,0,1,3,2,3,0,0,2,1,2,3,1,1,3,3,3,0,1,1,3,0,2,1,2
557,1,1,1,2,0,3,0,0,0,3,3,1,2,2,2,0,2,2,3,0,3,0,1,3,2,3,0,1,0,0,0,0,2,1,0,2,3,1,2,1,0,2,2,2,3,0,2,2,2,3,3,3,2,0,0,0,3,2,3,3,0
651,1,2,1,0,3,1,0,3,1,0,0,3,3,3,1,2,1,0,0,1,1,1,3,3,1,0,1,0,0,0,0,0,2,1,0,2,3,3,1,0,0,3,0,3,1,1,0,0,0,2,0,0,2,2,1,3,0,2,3,0,0
52,2,2,0,1,2,1,3,2,1,3,3,0,2,0,3,3,2,0,1,2,2,0,3,1,0,0,3,3,0,0,0,0,1,1,0,2,0,3,2,3,3,3,0,2,3,2,0,0,2,3,2,1,2,1,3,1,0,3,0,2,0
3114,1,2,3,2,2,1,1,1,2,3,2,0,0,3,2,1,3,1,1,3,1,1,2,1,2,3,0,2,1,1,2,0,4,1,2,2,0,3,0,1,2,1,3,0,3,2,2,1,3,0,3,0,1,1,0,3,1,1,2,0,2
473,2,3,3,3,3,1,2,1,2,3,1,2,0,3,1,2,3,2,2,0,0,2,0,2,0,0,2,2,1,0,0,0,2,1,0,3,2,1,1,1,0,0,1,2,3,1,2,1,1,3,1,1,0,3,3,0,0,0,2,1,0
870,2,2,1,2,2,2,1,2,1,0,0,0,2,0,0,2,1,1,2,3,0,2,0,3,3,2,1,0,0,0,4,2,2,0,2,1,2,3,2,1,3,2,0,3,0,3,3,3,0,2,3,0,2,1,1,1,3,2,3,1,1
213,3,0,2,0,3,2,1,2,0,1,1,2,0,0,1,3,2,0,1,1,2,2,1,3,0,1,1,0,3,0,0,0,2,0,0,0,3,1,1,1,2,0,2,1,3,1,2,1,1,1,2,1,1,0,1,0,0,2,3,3,0
2693,2,0,3,2,2,1,3,1,1,3,1,1,1,0,1,0,2,0,1,3,0,1,2,3,2,2,1,3,0,1,4,4,0,1,1,3,1,2,2,2,1,3,0,3,1,1,1,2,3,3,1,2,1,0,3,2,0,2,3,3,2
490,2,3,1,0,2,2,2,1,2,2,3,1,1,3,1,1,0,0,0,2,1,2,3,0,1,1,2,2,0,0,0,0,2,1,0,3,1,2,1,1,2,1,3,1,0,2,2,3,1,0,2,3,3,0,1,2,1,2,1,0,0
1932,1,1,0,3,0,3,0,3,0,3,2,1,1,0,1,0,2,0,0,3,0,0,0,2,0,3,3,2,0,2,2,2,0,2,1,3,2,3,1,3,0,3,3,2,1,2,0,3,3,3,2,3,2,3,1,1,0,0,3,3,2
2579,1,1,1,2,1,2,3,1,1,1,1,2,3,1,1,0,0,3,0,3,1,3,0,1,3,2,0,2,0,1,0,3,1,2,0,1,1,2,0,2,3,1,2,0,0,1,2,1,2,2,3,0,3,0,1,3,2,2,3,1,2
2094,0,0,0,0,0,1,3,2,2,1,3,1,1,3,3,1,0,0,2,2,3,0,2,0,3,2,2,1,3,1,3,2,2,1,2,2,2,3,3,0,0,2,1,3,2,3,3,3,3,2,0,2,1,1,0,3,1,0,2,3,2
1858,2,1,2,0,2,3,2,0,3,1,1,0,0,1,3,0,0,0,0,3,1,0,0,0,2,1,2,2,0,0,4,2,0,2,3,1,0,1,1,1,2,3,0,0,0,0,1,0,1,2,3,1,1,1,2,0,3,2,3,0,2
1393,2,3,0,3,1,0,3,2,0,2,0,2,3,0,1,1,2,3,0,3,2,2,1,0,1,3,0,3,0,0,0,0,0,0,3,2,3,0,0,3,3,0,0,3,1,0,3,1,1,2,1,2,2,2,0,2,0,2,3,3,1
686,3,0,3,0,0,3,3,0,0,2,3,1,1,3,3,3,3,2,3,1,2,2,1,3,0,3,0,0,3,0,0,2,2,1,0,0,1,2,1,3,2,1,1,0,3,1,1,1,1,0,2,1,1,3,2,0,2,1,3,1,0
1561,3,2,0,2,2,3,3,3,0,3,2,0,3,1,2,0,0,2,3,1,2,1,2,2,3,0,3,3,0,2,4,4,2,3,3,2,2,1,3,2,3,2,3,0,2,3,3,1,1,1,3,3,3,1,0,2,0,3,2,2,2
846,1,2,1,2,0,0,3,1,3,3,3,3,3,1,2,1,3,1,3,3,2,3,3,3,1,3,2,0,0,0,2,2,4,1,3,1,2,2,1,0,2,2,1,2,2,3,2,3,1,2,0,2,1,3,0,3,3,3,1,3,1
1479,1,2,0,2,3,1,1,3,3,2,3,0,1,1,0,1,2,0,3,3,2,1,3,0,3,0,1,0,0,0,0,0,4,0,3,1,3,0,0,2,1,2,2,1,2,0,1,0,1,2,2,0,1,2,2,3,0,0,0,2,1
1071,0,3,0,1,0,3,3,1,3,2,3,3,2,0,2,1,0,1,2,0,2,2,3,3,3,3,0,3,0,0,0,4,2,0,3,3,3,3,2,0,3,2,1,1,2,2,1,3,2,1,2,0,1,1,3,3,1,0,2,3,1
2493,1,0,2,2,2,3,3,1,3,2,3,2,1,0,1,2,2,3,1,0,1,3,1,0,1,2,3,2,0,0,4,4,4,1,3,1,2,1,2,2,2,0,0,2,0,3,0,1,0,2,1,3,3,2,1,3,3,3,3,2,2
1539,2,2,0,1,1,2,3,3,2,2,3,2,3,3,2,1,3,1,3,3,0,1,0,3,3,3,1,1,1,2,4,2,0,1,0,2,3,1,0,0,0,2,0,0,0,0,1,3,1,1,2,1,0,2,3,1,0,2,2,2,2
241,3,1,1,1,0,0,2,0,3,2,3,2,3,2,1,1,2,1,0,1,3,1,1,2,3,0,1,0,0,0,0,0,1,0,0,1,2,1,0,3,2,0,2,2,3,1,1,0,1,0,2,1,1,1,1,3,2,0,1,0,0
2209,2,0,3,2,2,2,2,3,3,1,0,2,3,2,0,3,2,3,2,2,3,3,2,1,2,0,3,1,2,2,4,4,2,1,2,0,1,1,0,3,0,1,3,2,0,0,1,0,1,1,2,1,2,2,2,3,3,1,3,3,2
2470,1,1,2,2,1,0,0,3,1,2,0,3,1,1,1,2,1,1,1,0,2,2,2,1,1,0,2,2,2,2,4,4,4,3,2,2,3,2,2,3,2,0,2,1,1,2,2,3,1,3,3,1,0,0,1,2,0,3,0,1,2
377,0,0,3,2,2,2,1,2,2,3,1,0,3,3,0,0,3,0,2,1,1,2,3,1,1,2,3,2,2,3,0,0,2,1,0,0,2,3,3,1,1,0,1,0,0,0,1,2,1,3,0,2,0,0,2,2,0,0,1,2,0
165,2,1,3,3,0,3,3,0,0,1,0,0,3,1,0,1,3,1,1,0,1,3,2,0,2,1,3,3,2,0,0,0,1,2,0,1,1,3,3,1,1,1,2,1,3,1,2,2,0,3,2,0,1,1,0,0,2,2,3,3,0
338,3,0,3,2,2,1,1,3,2,1,2,1,2,0,3,3,3,0,2,2,3,1,2,1,2,0,3,3,2,1,0,0,1,1,0,0,3,1,3,3,2,1,2,0,1,0,0,2,0,1,3,2,1,1,1,0,2,2,1,3,0
336,2,1,0,1,2,2,2,3,1,3,0,2,3,0,0,2,1,0,2,2,3,2,0,1,3,3,1,0,0,0,0,0,2,1,0,1,3,0,0,2,1,3,1,3,2,3,0,2,0,1,3,1,2,1,2,0,1,1,2,3,0
1543,1,3,2,1,2,2,0,1,3,0,2,3,2,0,3,0,2,1,3,3,2,1,0,2,1,1,1,2,0,2,0,4,4,0,3,2,1,2,1,1,0,1,0,3,2,3,2,3,3,2,1,2,2,3,0,3,3,2,1,0,2
2129,3,3,2,3,1,0,1,3,1,3,0,0,2,2,3,3,2,1,3,3,3,0,2,2,1,1,2,2,3,2,4,4,2,1,1,0,2,3,3,0,1,1,1,0,1,1,3,2,2,1,2,1,1,2,3,2,3,1,3,3,2
2388,3,3,1,2,2,3,3,0,3,1,1,0,1,3,2,0,3,3,3,0,2,3,3,3,0,3,0,3,1,1,2,0,1,2,1,3,2,3,2,0,0,1,3,2,0,2,3,0,0,1,2,2,1,3,2,3,2,2,2,1,2
2197,1,3,1,3,2,1,0,2,2,1,3,0,1,0,1,2,3,1,3,2,1,1,3,2,1,3,0,2,1,2,4,3,4,3,0,0,2,1,1,1,1,1,3,0,0,3,2,1,3,0,1,1,3,1,0,0,3,2,0,1,2
2742,2,2,1,2,3,1,3,2,1,3,3,1,2,1,1,2,3,2,2,2,3,1,3,1,2,1,0,1,1,0,4,4,4,0,1,3,0,3,1,0,0,0,0,0,2,2,3,0,3,1,0,2,3,1,3,0,2,1,3,3,2
2159,0,3,0,1,2,0,0,0,3,2,3,3,1,0,3,1,2,3,1,1,1,3,3,1,0,1,3,2,0,2,0,4,4,0,1,1,2,0,0,0,1,3,1,1,2,1,3,1,1,0,3,0,2,2,1,2,0,3,2,1,2
606,0,2,3,3,3,3,2,1,1,1,1,3,2,1,3,0,2,0,2,0,1,1,3,3,3,3,3,0,0,0,0,0,1,1,0,2,3,0,2,1,2,0,0,1,1,3,2,1,1,0,3,0,1,1,2,0,2,0,0,0,0
1133,0,2,2,1,1,0,3,1,3,0,1,3,0,2,1,1,2,1,3,0,3,2,1,3,3,0,3,0,0,0,2,0,0,2,1,3,3,1,3,0,0,3,0,2,3,0,0,1,1,3,1,2,0,0,2,2,0,3,0,0,1
1074,2,1,2,1,0,3,0,2,0,0,0,0,2,2,2,0,3,1,2,3,2,1,1,3,1,3,0,0,0,0,0,0,2,2,1,3,2,0,3,1,0,1,2,1,2,1,3,3,1,1,0,0,0,2,0,3,3,3,3,2,1
272,1,3,3,2,2,3,1,1,1,3,3,1,1,2,2,3,3,2,0,1,1,0,1,2,1,2,2,0,0,0,0,0,4,3,0,3,2,2,2,0,0,3,1,3,1,2,1,0,3,0,1,1,2,2,1,2,0,3,3,2,0
1305,0,3,3,3,3,2,2,3,3,2,3,3,0,3,2,1,3,1,2,2,3,2,1,3,1,1,3,0,0,0,4,4,2,1,2,3,3,1,2,1,1,2,0,3,0,1,0,2,2,0,1,1,2,0,0,3,3,2,3,0,1
1081,0,3,3,3,3,0,2,0,3,0,2,3,0,0,3,1,2,1,3,0,3,2,1,0,3,2,3,0,0,0,3,4,4,0,1,0,0,0,0,3,2,3,0,3,2,0,3,1,0,1,0,1,1,0,0,3,1,0,3,3,1
1385,0,1,2,2,3,1,2,1,2,2,3,2,3,3,0,1,2,1,3,0,0,0,1,0,1,2,2,0,0,0,0,3,2,3,3,2,3,3,2,2,0,2,1,1,3,1,2,0,1,2,0,0,1,3,1,2,1,2,1,3,1
1624,3,0,3,1,0,3,0,2,2,2,2,1,2,1,3,3,1,0,2,0,2,0,2,3,1,1,0,3,2,1,4,0,1,3,3,1,3,2,1,3,1,1,3,1,3,1,2,3,0,1,2,2,1,1,0,1,3,2,2,3,2
190,1,0,0,3,3,1,2,2,3,1,1,0,1,1,1,1,1,0,0,1,0,1,3,0,2,2,3,2,0,0,0,0,1,1,0,1,2,1,1,1,0,1,3,0,0,0,3,2,2,0,1,1,2,2,3,0,0,0,2,2,0
460,0,2,0,0,0,1,1,0,3,1,3,1,1,1,1,2,1,0,1,0,0,2,0,1,3,3,0,1,1,0,0,0,1,1,0,0,3,2,1,1,2,3,3,2,3,2,2,0,1,1,2,1,2,1,3,0,2,2,0,2,0
1136,3,2,0,1,1,0,3,3,1,3,0,0,3,2,2,0,2,1,2,0,3,2,0,3,1,0,1,0,0,0,3,2,2,0,3,2,3,1,2,1,2,2,1,3,2,1,1,1,1,2,0,2,2,1,1,3,3,0,3,1,1
813,1,0,1,3,1,0,2,1,3,1,2,0,2,2,2,2,0,1,3,3,2,3,1,0,1,3,1,0,0,0,2,0,4,2,3,2,0,3,2,3,2,0,1,2,1,0,0,0,3,1,2,2,3,2,2,2,3,0,0,0,1
1736,0,0,0,2,1,1,2,0,0,1,2,2,2,3,2,3,2,0,3,0,0,0,0,0,2,0,3,2,1,1,3,2,0,3,1,3,3,2,2,2,3,0,0,1,0,2,3,2,3,0,3,0,1,0,2,0,1,0,0,0,2
1451,0,0,2,0,0,1,2,0,1,1,1,2,0,3,1,1,2,1,2,3,0,2,3,3,3,3,0,0,0,0,4,2,2,1,2,1,0,1,1,3,1,2,1,0,1,1,0,1,3,0,1,0,0,3,3,1,3,2,2,1,1
854,0,2,1,1,2,0,2,3,1,2,0,2,0,3,2,1,2,0,0,0,0,2,3,0,3,3,0,0,0,0,0,0,1,3,1,1,3,0,3,3,1,0,1,1,0,3,0,1,1,3,2,2,2,0,0,2,2,1,3,3,1
2992,3,0,0,3,1,1,1,2,3,3,3,3,1,2,3,3,2,0,0,2,1,0,2,1,2,1,3,2,0,0,2,4,2,1,2,3,3,3,3,0,1,2,3,2,0,2,0,1,3,2,2,0,3,2,3,1,0,0,2,0,2
2890,1,1,1,2,2,2,0,2,2,0,1,0,0,0,0,2,1,3,3,3,3,2,2,2,2,2,0,1,0,0,4,2,2,1,2,3,2,1,2,3,2,0,2,2,3,3,2,2,2,0,2,0,3,1,2,2,1,3,1,0,2
204,3,0,2,2,2,0,3,3,2,1,2,2,0,1,3,1,2,2,0,1,0,0,2,2,1,2,3,2,0,0,0,0,1,1,0,2,0,0,0,3,0,2,0,0,3,3,0,0,3,0,1,2,0,3,0,0,2,1,1,3,0
1209,3,3,0,3,2,3,2,3,3,1,1,1,0,2,2,0,1,1,2,3,2,1,3,1,1,3,3,0,0,0,3,2,4,0,0,3,0,1,3,3,2,1,2,2,1,1,2,3,0,2,1,3,3,1,1,3,3,0,0,1,1
806,2,0,0,1,0,1,1,3,2,3,0,2,3,1,0,1,2,3,3,0,0,1,1,0,1,3,1,0,0,0,0,4,1,3,3,0,3,2,1,0,0,0,1,0,0,1,2,2,3,3,3,3,3,0,1,0,0,1,2,2,1
1379,1,3,3,3,0,3,2,3,1,0,0,3,0,3,1,2,1,3,3,3,2,2,2,0,3,2,2,3,0,0,0,3,4,3,2,0,0,0,2,1,2,0,0,0,0,0,1,3,0,3,3,0,2,0,3,0,0,1,3,2,1
101,0,3,1,0,1,2,2,1,2,1,2,0,3,1,0,1,2,0,0,0,3,0,2,1,3,0,1,0,0,0,0,0,1,1,1,3,3,1,1,1,1,3,0,0,1,1,2,1,2,0,3,0,1,1,0,0,2,0,3,1,0
1633,1,1,1,1,0,0,0,2,2,1,0,1,2,1,3,3,1,2,1,1,1,0,0,2,2,2,1,3,1,2,4,3,1,2,1,3,1,1,0,0,2,0,1,0,3,3,2,0,3,3,1,1,0,3,0,0,1,2,3,0,2
1721,2,1,2,1,1,1,3,2,1,0,1,1,3,2,1,2,0,0,2,3,2,1,1,3,3,3,2,0,2,1,4,0,4,0,3,0,3,3,0,3,1,1,3,0,3,0,0,0,2,2,1,3,2,0,3,1,0,2,1,3,2
1674,3,2,3,2,3,3,3,0,0,1,1,1,2,0,3,3,0,1,2,3,1,0,2,0,3,3,1,3,2,1,3,3,0,2,2,0,3,0,3,1,1,1,3,1,1,3,3,2,0,1,0,3,0,2,2,1,3,0,3,0,2
1878,0,0,0,3,2,0,1,3,2,1,2,2,2,2,2,1,3,3,1,2,3,0,3,0,3,3,0,3,2,1,4,3,0,2,3,2,0,0,1,1,1,1,2,3,0,3,3,3,0,1,2,3,3,3,0,3,2,0,1,2,2
312,0,0,0,1,0,3,0,1,1,2,3,1,2,1,1,1,0,0,1,3,3,1,3,3,1,1,2,2,0,2,0,0,2,1,0,3,3,3,2,2,0,0,2,3,2,1,2,3,2,0,3,0,1,1,0,2,1,1,1,0,0
2079,1,2,0,0,0,0,2,1,1,3,3,3,3,3,1,3,1,2,1,2,0,0,3,3,3,2,3,3,3,3,2,0,1,2,3,2,3,0,3,2,1,3,1,0,2,3,2,2,0,2,0,1,3,2,3,2,0,2,2,1,2
1128,0,0,3,1,2,1,2,0,1,0,0,0,0,2,1,2,1,3,3,3,0,2,1,0,3,2,0,0,0,0,0,4,4,3,1,0,1,0,2,1,3,1,2,2,1,0,1,2,0,2,2,3,3,0,1,3,3,2,3,1,1
1426,3,1,1,2,3,3,2,3,1,3,0,3,1,3,1,3,2,3,2,2,0,2,1,3,3,3,0,0,0,0,3,3,2,2,1,1,3,0,1,1,2,0,1,2,3,2,2,0,2,1,0,3,2,3,3,0,1,0,1,0,1
2006,2,1,3,2,1,1,0,0,0,1,1,2,2,2,2,0,1,0,1,0,2,1,1,2,0,2,2,2,2,2,0,2,4,3,3,2,3,0,2,1,1,2,0,1,2,1,1,3,1,1,2,0,0,2,0,3,2,2,2,3,2
434,2,3,1,3,3,0,1,3,2,0,1,1,2,2,3,0,0,1,0,1,3,2,0,3,1,3,0,1,1,0,0,4,1,0,2,0,3,0,3,3,2,3,0,0,3,2,0,2,3,3,1,3,3,2,0,0,3,3,2,2,0
821,1,2,2,0,1,3,3,1,3,1,3,0,1,2,3,3,2,1,2,3,2,1,2,3,1,3,2,0,0,0,0,4,2,3,2,2,3,3,3,3,3,2,2,3,3,3,3,3,2,2,2,2,2,0,1,3,2,2,3,0,1
1834,0,1,3,2,0,1,3,2,2,1,0,1,0,3,1,2,1,3,3,1,1,1,2,2,0,0,2,1,2,2,3,2,0,1,0,1,2,1,1,2,1,1,0,0,2,3,3,1,1,3,0,2,1,3,0,2,2,0,0,0,2
1936,0,0,0,0,0,1,3,2,2,1,3,1,1,3,3,0,0,0,2,1,3,3,2,0,1,2,1,1,3,1,3,2,2,1,2,2,2,3,3,0,0,2,1,3,0,3,3,3,3,2,0,2,3,3,0,3,3,1,3,3,2
703,0,3,3,3,2,3,3,0,0,1,0,2,0,2,1,2,1,0,2,0,0,0,0,1,3,0,0,3,2,2,0,0,2,1,0,0,3,2,0,3,1,1,1,3,2,0,1,0,0,3,3,1,0,0,3,3,3,3,0,1,0
3070,2,2,2,0,1,2,0,2,1,3,1,3,3,2,2,2,0,1,3,3,0,0,0,0,1,1,3,2,3,1,3,2,0,1,0,2,2,1,1,2,0,0,0,0,3,3,1,3,1,0,1,2,0,2,2,0,2,1,1,0,2
2384,0,3,3,2,2,0,3,3,3,1,3,0,2,0,3,3,0,2,3,3,2,3,3,2,1,3,2,0,3,3,3,3,4,3,2,0,2,3,2,1,0,1,3,2,1,3,2,0,1,3,3,0,2,3,3,2,0,3,0,2,2
329,0,2,1,1,1,2,0,0,1,0,3,3,2,0,1,3,3,3,3,2,0,1,2,1,0,0,0,3,3,3,0,0,2,1,0,1,0,0,2,3,2,0,0,0,2,3,0,1,1,0,3,0,0,1,1,3,0,0,3,0,0
2708,2,1,1,0,1,2,1,1,0,1,1,1,1,3,2,1,2,3,3,1,1,1,1,0,2,1,0,3,2,2,0,3,1,3,2,3,3,1,3,0,0,0,1,1,2,2,1,2,0,1,1,2,1,3,0,0,3,3,0,1,2
1923,1,1,3,1,2,1,2,3,3,0,1,2,0,2,2,2,1,3,3,1,1,0,1,3,1,2,3,1,2,2,4,2,0,0,3,2,2,2,1,1,2,0,1,3,3,3,1,2,3,2,1,2,0,3,3,2,1,3,1,3,2
2391,2,2,1,1,1,1,1,3,3,0,3,3,3,0,3,3,0,2,3,0,0,0,2,3,1,3,0,3,0,1,4,0,4,1,0,2,1,2,3,0,0,1,0,2,3,3,3,3,2,3,0,1,0,2,1,2,0,1,0,2,2
405,3,0,1,0,0,2,0,0,2,2,1,2,1,3,0,1,1,0,1,0,3,1,1,0,0,2,0,1,2,2,0,0,1,1,0,0,3,1,0,1,1,0,0,1,0,3,2,1,0,0,2,0,3,3,2,0,2,2,2,0,0
2115,3,0,2,2,0,1,0,0,0,0,0,1,1,3,1,3,3,1,1,0,0,2,0,1,0,2,3,1,1,0,4,3,2,0,0,3,0,1,0,0,2,2,1,1,0,2,1,3,2,0,1,1,1,0,3,0,3,2,3,2,2
1612,1,3,1,2,1,2,3,3,3,1,0,2,3,3,1,0,3,3,2,3,1,1,1,3,0,2,2,0,3,0,2,0,1,3,1,1,0,2,0,0,3,1,2,2,0,3,0,3,2,3,2,3,2,1,2,3,2,3,2,2,2
32,0,0,3,2,2,2,0,0,1,3,2,2,0,1,1,0,0,0,1,2,1,0,3,1,2,2,1,0,0,0,0,0,1,1,0,0,3,1,0,2,1,0,2,2,2,0,1,0,0,3,3,3,2,1,2,2,2,2,2,1,0
1012,1,2,1,3,2,2,3,1,0,3,2,3,1,2,2,2,2,1,3,3,0,1,1,3,3,3,1,3,0,0,2,0,4,0,2,1,2,3,2,0,0,3,3,2,1,0,1,2,3,0,2,1,2,2,1,2,3,0,3,1,1
127,1,1,3,3,3,2,2,3,2,2,3,3,1,1,3,0,0,3,3,1,0,3,2,1,2,0,0,2,0,0,0,0,1,2,0,0,1,0,2,1,1,3,0,1,0,2,2,2,0,1,2,0,1,2,1,3,1,3,2,2,0
2753,0,1,1,1,0,2,2,3,2,2,0,2,2,1,1,1,3,3,0,1,0,3,2,1,3,1,0,1,1,0,0,2,1,3,2,3,1,1,0,1,2,1,0,1,0,1,2,3,1,1,2,0,3,1,2,0,1,0,1,1,2
794,1,1,3,3,2,3,0,3,1,2,3,1,0,3,1,2,3,2,3,3,2,1,1,0,1,2,2,0,0,0,0,2,2,0,0,3,2,1,2,2,1,3,0,2,3,1,1,3,2,1,2,2,0,1,0,3,3,0,0,3,1
2108,2,1,0,2,3,3,0,2,2,3,2,3,0,3,1,3,2,3,1,2,3,3,3,0,2,1,1,0,1,3,0,0,1,3,0,3,0,0,2,1,1,2,1,2,3,1,0,1,3,2,3,0,0,0,0,3,3,2,3,2,2
1501,0,2,2,1,1,1,3,2,3,0,1,3,0,2,1,2,2,1,2,3,3,1,1,3,1,2,3,0,0,0,2,0,0,2,1,3,3,1,3,0,0,1,0,3,3,0,0,1,1,3,1,2,2,2,2,2,1,3,0,0,1
120,0,0,2,2,0,0,3,0,2,1,2,1,3,3,2,3,2,0,1,3,3,1,3,1,3,2,3,1,1,0,0,0,1,1,0,2,3,3,1,1,2,0,2,3,1,0,2,1,1,0,0,0,3,3,2,0,3,2,1,0,0
3161,2,2,1,2,3,3,0,1,2,3,0,2,1,1,3,3,0,1,1,2,2,1,3,3,0,2,2,3,0,3,0,2,4,0,1,1,1,0,2,2,0,0,2,1,2,1,0,1,2,3,3,2,0,0,0,2,0,2,2,3,2
3059,0,1,3,3,1,2,0,2,0,2,3,1,0,0,0,1,1,1,0,1,3,3,2,2,3,1,0,0,1,0,2,0,1,2,0,2,3,0,3,2,2,1,0,2,3,0,3,3,2,0,2,0,3,2,1,1,1,3,1,0,2
3132,1,1,3,0,2,0,3,2,3,0,2,2,0,3,2,2,1,0,0,0,0,2,0,1,3,0,1,3,1,0,2,2,2,3,0,3,3,2,2,3,3,3,3,1,3,1,2,1,1,1,2,2,1,3,0,0,0,0,2,3,2
3035,1,2,3,3,0,1,1,0,0,2,2,1,0,0,0,1,3,2,2,2,2,3,2,1,2,3,0,2,1,3,3,3,4,0,1,2,1,2,2,2,3,3,3,2,1,2,0,0,2,3,1,1,2,2,1,2,0,1,1,3,2
3157,2,0,2,0,2,2,2,2,0,2,0,3,2,3,3,1,1,3,0,0,3,1,2,2,0,2,2,3,2,0,0,3,4,3,0,2,1,0,0,1,2,3,2,3,2,0,0,0,0,2,0,0,1,2,2,3,2,0,1,0,2
2773,0,1,3,1,3,1,2,2,1,2,1,1,2,1,1,0,1,3,2,0,0,1,0,0,0,2,2,0,3,2,2,2,0,0,0,1,2,0,2,2,2,0,2,1,1,0,3,3,0,0,1,0,0,2,1,1,1,2,2,3,2
3041,0,3,2,0,1,0,1,0,0,1,1,1,2,2,0,1,2,0,0,0,0,2,3,0,3,2,2,2,1,1,0,2,0,0,0,1,1,0,0,3,2,3,2,0,3,0,1,2,0,0,2,3,0,1,0,0,3,1,2,1,2
560,3,2,2,0,3,2,2,1,2,2,3,2,2,2,1,2,2,3,1,0,0,3,3,0,2,0,0,2,0,0,0,0,2,2,0,3,3,0,0,1,2,0,0,0,3,2,2,1,1,1,1,0,0,0,3,1,3,0,1,0,0
2511,1,1,1,1,2,1,2,3,1,0,0,2,2,1,0,1,0,3,2,0,0,1,2,2,1,2,0,0,0,3,2,0,4,2,1,0,1,3,1,2,2,2,2,3,1,0,1,3,0,3,3,1,1,1,2,3,3,0,3,2,2
239,2,2,3,1,0,3,0,1,2,3,3,3,1,0,3,3,0,0,1,0,2,2,1,0,1,3,2,1,0,0,0,0,2,1,0,2,1,2,3,3,2,1,1,1,0,2,2,2,0,3,1,0,3,2,3,0,2,0,0,1,0
743,1,2,1,1,1,2,2,1,3,1,3,1,2,0,2,1,3,1,0,2,1,0,2,0,1,3,1,1,1,0,0,0,1,1,0,0,1,0,3,1,2,2,0,2,1,2,1,3,1,1,0,0,2,2,3,1,3,2,3,0,0
1016,2,3,1,3,0,0,2,1,3,2,2,0,3,0,1,1,0,1,3,1,2,2,2,0,1,3,1,3,0,0,0,4,2,1,2,1,3,3,1,3,2,3,0,2,3,0,0,1,1,2,1,2,3,1,2,1,1,3,1,0,1
2371,0,2,1,2,3,1,2,1,2,2,2,0,2,0,2,0,1,0,0,1,0,2,1,2,0,3,0,1,2,2,2,2,0,3,3,2,3,1,1,0,1,2,0,0,2,1,2,3,2,3,3,1,1,2,2,0,2,2,1,1,2
2408,2,2,3,3,0,1,1,0,3,1,3,2,0,3,2,0,2,3,2,2,2,1,2,0,3,2,1,0,1,0,4,3,2,3,3,1,3,1,0,2,3,1,2,3,1,0,0,2,0,3,1,3,3,1,2,2,1,3,3,0,2
417,0,3,3,2,0,3,3,3,3,3,2,1,3,2,2,2,0,3,1,3,1,1,1,0,2,0,0,1,0,0,0,0,2,1,0,0,2,0,3,0,3,2,3,2,1,2,3,0,1,3,3,3,3,3,3,2,0,0,0,0,0
2870,1,1,2,2,1,2,3,3,1,0,1,2,1,2,0,1,2,1,2,0,0,0,2,0,0,0,1,1,1,1,3,2,0,3,2,3,1,0,2,1,2,1,3,0,1,0,0,1,2,1,2,3,3,0,0,2,0,0,2,2,2
896,3,0,3,1,1,1,3,1,0,2,0,0,3,3,2,0,2,0,2,3,2,2,1,3,3,2,1,0,0,0,0,3,2,2,1,0,3,2,3,2,0,0,2,3,2,3,3,1,0,2,2,2,1,0,0,0,1,0,3,2,1
829,0,1,1,0,3,0,3,3,0,0,1,0,1,2,0,0,1,1,0,1,1,1,0,3,1,3,0,0,0,0,0,0,1,3,0,1,1,2,1,1,1,3,2,3,3,1,2,3,3,0,1,0,0,3,1,1,1,1,1,2,1
80,2,0,0,0,2,0,2,0,3,2,2,3,2,0,3,2,1,3,3,2,2,3,1,0,2,0,3,2,3,0,0,0,2,3,0,0,0,2,3,3,3,0,3,2,3,1,3,3,3,2,0,2,3,2,2,2,3,2,0,2,0
386,2,3,2,2,1,2,0,0,2,3,0,2,0,1,1,3,1,3,2,0,2,3,0,0,0,3,1,2,3,0,0,0,1,1,0,1,2,1,0,3,1,0,0,1,0,2,2,2,0,0,1,3,0,0,3,0,2,0,2,0,0
1377,3,0,3,3,0,3,3,3,1,2,3,1,0,1,2,1,2,0,2,3,2,1,1,3,3,2,1,0,0,0,2,4,2,1,2,3,1,1,2,1,0,3,2,2,1,1,1,0,1,0,1,1,0,1,2,1,3,0,3,0,1
2808,2,3,3,1,3,0,0,0,1,0,3,2,1,1,3,0,3,2,0,3,1,2,1,3,2,1,0,1,1,0,3,3,1,1,0,0,3,1,0,2,0,0,2,2,1,1,2,3,1,3,1,0,0,0,1,2,0,3,1,1,2
3128,1,3,2,1,1,3,0,0,3,3,2,3,2,2,3,3,2,2,1,0,2,3,3,1,2,0,0,3,3,3,4,2,2,0,1,3,0,3,3,0,3,2,0,2,2,2,0,0,1,2,1,2,1,2,3,1,0,1,3,3,2
877,0,0,3,3,0,1,3,1,1,2,1,1,1,0,1,2,1,2,1,0,0,1,3,0,3,0,3,0,0,0,0,3,2,3,3,1,1,0,1,0,2,3,1,2,0,1,2,2,3,0,2,2,1,2,1,3,2,0,3,0,1
40,2,0,3,1,2,2,1,0,2,2,0,2,2,3,1,2,2,3,0,2,0,0,2,1,3,2,1,1,0,2,0,0,1,1,0,1,3,0,1,2,2,1,0,0,3,1,2,2,2,1,2,0,1,1,2,3,1,2,1,0,0
188,3,3,2,1,0,3,3,3,3,3,2,3,0,3,3,2,2,3,0,2,2,1,3,0,2,2,1,1,0,0,0,0,1,1,0,0,1,3,1,3,0,2,1,1,2,3,1,0,3,3,0,1,2,1,3,2,0,3,2,2,0
2881,0,3,1,3,0,0,2,3,1,0,0,2,0,3,2,1,3,3,3,0,0,1,3,0,3,3,2,2,1,1,0,2,0,0,1,1,0,0,1,1,1,3,2,0,0,0,2,2,0,0,2,3,1,0,1,0,1,0,0,1,2
2855,2,1,1,2,0,2,2,0,0,2,2,2,3,3,0,1,3,3,3,3,0,2,1,3,3,2,3,2,1,0,0,4,0,3,3,1,2,0,3,2,3,1,0,1,0,0,0,0,0,3,2,1,0,0,0,0,2,2,1,3,2
491,3,1,2,3,2,1,2,3,1,3,0,2,3,2,1,0,1,2,0,2,0,0,2,1,2,3,1,1,0,0,0,0,1,2,3,0,1,3,0,0,2,1,2,1,0,2,1,3,1,0,2,3,0,3,1,1,1,0,2,3,0
942,0,0,0,3,0,3,3,0,0,2,0,2,3,3,2,1,2,3,3,3,2,1,1,0,1,1,3,0,0,0,3,3,0,0,0,2,3,1,0,1,2,1,1,2,1,3,3,1,3,0,1,2,3,1,3,1,1,3,1,0,1
1638,1,3,1,2,3,3,1,2,3,2,2,0,1,0,3,3,2,2,1,3,3,0,1,3,0,1,1,0,3,3,4,3,4,3,0,1,2,1,3,0,2,1,1,0,0,2,2,2,2,0,2,2,2,3,1,3,1,3,0,3,2
1040,0,2,1,1,1,2,1,0,3,2,0,2,1,1,3,0,2,3,2,2,0,2,1,0,3,3,0,3,0,0,0,0,0,3,0,3,1,3,1,2,0,0,0,1,0,1,0,3,1,2,0,0,2,0,3,0,2,0,3,0,1
1628,2,3,0,1,1,2,3,3,3,3,3,2,3,2,2,2,2,2,3,1,3,1,3,1,2,2,2,3,0,3,3,0,0,2,3,0,0,3,1,2,0,3,1,0,1,1,1,3,2,3,2,2,3,3,2,2,1,0,3,3,2
2779,3,1,0,3,3,2,3,2,3,0,1,1,1,0,0,3,2,0,3,1,2,2,0,1,1,0,3,0,3,2,3,3,2,0,2,2,0,0,1,3,2,0,0,3,3,2,0,0,0,0,1,3,1,3,0,1,0,2,1,1,2
2507,3,1,1,2,2,0,3,3,0,3,1,3,1,2,0,3,2,1,3,0,3,0,3,3,3,3,2,0,0,2,3,3,0,0,0,0,2,0,2,2,3,2,2,1,3,0,0,3,3,2,1,0,3,1,1,3,2,3,0,0,2
1614,2,1,2,3,0,3,1,2,2,0,2,0,3,1,2,2,0,3,1,1,3,2,1,1,3,3,0,1,3,3,3,4,4,0,3,0,0,1,2,0,0,2,3,2,0,3,3,3,1,0,3,2,2,1,3,1,0,3,0,2,2
1205,2,1,1,1,0,1,2,3,1,0,1,0,3,3,3,1,3,1,2,0,3,1,3,0,3,3,3,3,0,0,0,0,2,0,0,2,3,3,0,0,2,2,0,1,1,1,2,2,0,2,3,0,0,1,1,1,3,2,0,1,1
2052,1,3,1,1,1,0,2,1,0,3,1,1,0,2,2,1,2,2,0,1,0,1,1,2,1,2,1,0,1,0,0,4,2,3,1,3,0,2,3,0,3,0,1,0,0,2,2,0,1,0,0,3,2,1,2,2,0,0,3,1,2
1817,0,2,2,1,2,2,1,2,0,3,1,0,3,1,3,1,2,2,1,3,2,3,2,2,1,2,3,3,3,0,3,2,0,1,1,1,2,2,0,3,2,0,1,2,1,3,2,0,1,3,3,1,2,3,0,0,2,0,3,0,2
1533,2,1,0,1,0,1,3,1,0,1,0,3,0,3,3,0,0,1,0,1,1,1,2,2,0,0,3,2,2,3,2,2,0,3,3,0,1,0,3,2,1,3,2,3,0,0,1,0,1,1,2,3,0,3,2,0,1,0,0,2,2
1713,1,0,2,0,2,2,1,0,0,2,2,1,2,0,3,0,1,0,2,0,1,1,0,0,3,0,0,1,1,1,4,2,4,3,2,2,3,3,0,1,1,3,3,0,3,1,2,3,3,0,1,0,3,3,1,1,1,1,2,1,2
1909,1,2,2,0,2,2,1,3,3,2,3,2,1,2,3,2,2,1,3,1,1,2,1,3,2,0,0,2,0,3,4,0,2,3,0,2,0,3,0,0,2,3,3,2,1,3,1,3,1,3,1,0,1,2,2,0,2,3,2,2,2
400,2,0,2,0,1,2,1,3,2,3,1,3,3,1,3,2,0,3,2,2,1,0,0,3,2,3,1,3,2,2,0,0,1,1,0,0,2,2,0,3,1,1,3,2,3,1,1,2,2,2,0,1,2,2,0,0,0,3,1,0,0
1302,3,1,2,1,0,1,1,1,1,0,0,3,3,1,0,2,2,1,3,0,0,0,3,3,2,2,3,0,0,0,4,2,2,3,2,3,0,1,0,0,0,0,1,1,3,3,0,1,3,1,3,1,1,0,0,3,3,1,0,0,1
159,1,1,3,3,3,2,0,2,2,1,2,2,3,2,0,0,1,0,1,1,0,3,3,1,1,1,1,3,1,0,0,0,1,1,0,2,3,1,0,2,0,0,1,3,2,0,3,1,1,2,1,0,0,2,1,3,2,1,3,0,0
2256,3,0,2,2,0,1,1,2,2,3,1,3,2,1,1,0,1,1,0,1,1,3,2,0,3,3,0,1,2,2,2,0,2,3,0,3,1,2,1,1,0,0,2,1,0,2,1,0,1,2,0,0,3,1,2,3,2,2,2,1,2
240,0,0,3,0,3,2,2,1,2,2,3,2,0,3,0,1,2,2,2,1,1,0,1,2,3,2,2,0,0,0,0,0,1,1,0,1,3,0,2,1,2,0,2,1,3,1,2,2,0,1,2,0,1,0,1,2,1,0,1,1,0
567,1,1,3,1,1,2,0,3,2,1,2,2,0,2,3,0,2,3,2,0,0,2,0,1,1,3,0,1,0,0,0,0,1,1,0,2,0,1,0,3,2,1,2,3,3,0,1,2,2,0,2,3,2,2,1,3,2,2,0,2,0
1262,1,2,3,3,3,3,1,1,2,0,2,2,3,3,1,1,2,3,2,3,2,2,3,0,1,1,0,0,0,0,0,4,0,3,2,1,2,3,0,3,3,2,1,2,3,0,1,0,1,1,2,1,3,2,3,3,1,1,3,3,1
458,1,1,3,1,2,2,0,2,1,3,0,3,0,0,1,1,0,0,0,0,2,3,1,2,2,1,3,1,2,2,0,0,1,2,1,3,3,1,1,3,0,2,0,3,3,1,2,1,3,0,2,0,1,1,2,0,3,3,2,1,0
2804,3,1,0,2,3,2,1,2,2,3,0,1,2,2,2,3,0,3,3,3,1,2,2,3,2,3,2,0,2,2,2,2,2,0,1,1,2,0,3,3,3,3,0,3,1,1,0,3,0,2,3,0,2,1,3,3,2,2,1,3,2
2709,2,2,2,3,0,3,0,0,3,0,0,1,1,1,0,0,0,2,2,0,3,3,1,3,0,0,2,1,1,2,2,0,2,0,2,2,3,3,2,2,1,3,0,0,3,1,1,0,0,1,0,0,2,2,1,3,3,2,2,2,2
396,2,1,2,2,0,0,1,1,0,1,0,0,3,2,1,3,2,0,0,2,1,3,1,3,3,3,2,0,0,0,0,0,2,0,1,3,1,3,1,3,3,1,3,0,1,3,2,1,0,2,3,1,0,3,3,3,1,3,0,3,0
1417,2,1,0,3,2,2,2,1,3,1,2,2,1,3,1,3,3,1,2,3,2,1,3,3,1,3,2,0,0,0,4,2,4,3,2,2,2,2,3,2,0,0,3,2,3,1,0,1,0,2,1,2,1,2,1,2,2,2,1,0,1
2226,1,2,1,3,1,1,2,3,2,1,0,3,3,3,2,0,2,0,1,1,0,0,1,0,0,3,0,0,3,0,4,2,0,0,3,1,2,3,3,3,0,1,2,0,1,2,3,3,1,1,3,0,1,3,2,1,1,3,2,0,2
2195,2,2,0,2,3,0,0,0,1,1,2,1,1,2,1,1,2,0,2,2,1,3,1,3,0,3,0,0,2,0,3,2,0,3,0,0,3,3,1,1,2,0,0,3,1,1,1,3,2,3,3,0,3,1,1,2,2,1,2,2,2
1926,0,3,1,0,1,2,2,2,2,0,2,2,0,0,0,2,1,3,1,0,3,3,2,1,0,1,0,3,3,3,0,0,0,2,2,3,1,1,0,2,0,1,1,2,3,0,1,2,3,1,2,2,2,0,1,0,2,3,1,1,2
2586,2,2,2,1,0,3,0,0,3,1,3,1,2,3,2,3,2,3,2,2,1,1,1,0,3,3,2,0,2,3,0,3,1,3,2,1,0,2,2,1,2,2,2,2,1,2,2,3,1,0,1,0,1,1,2,1,3,3,1,1,2
269,2,0,1,0,0,2,2,1,2,3,2,2,0,3,2,0,0,0,0,2,1,3,3,1,0,2,0,2,0,0,0,0,1,1,0,1,3,0,0,1,2,0,2,2,3,1,3,2,2,1,2,2,1,1,0,0,0,2,1,0,0
1032,3,2,0,1,0,3,1,2,3,3,2,2,2,0,1,2,3,1,3,2,3,2,1,0,1,3,3,0,0,0,4,0,1,3,0,2,2,3,1,1,2,1,3,1,0,2,0,2,3,2,1,1,3,2,2,1,1,3,1,0,1
390,3,3,2,3,1,1,3,3,1,0,2,1,1,0,2,0,2,3,3,3,1,0,3,3,0,3,0,2,0,2,0,0,2,1,0,0,0,0,3,2,0,3,3,2,2,0,0,0,2,3,0,2,2,3,3,3,3,0,3,2,0
1440,0,0,0,2,3,2,2,3,2,3,0,2,2,1,0,0,2,0,0,1,1,2,1,3,3,2,0,0,0,0,0,0,2,1,3,0,3,2,1,2,3,0,1,0,3,1,0,2,2,0,1,0,2,3,1,0,3,1,2,2,1
975,3,0,3,0,0,0,0,1,1,1,0,3,2,3,2,2,2,0,0,0,2,3,3,0,1,2,1,0,0,0,4,0,1,0,0,3,0,1,1,3,2,1,3,0,2,3,1,0,0,1,0,2,1,3,2,0,3,0,2,3,1
1498,2,3,2,3,0,0,1,1,3,0,1,2,3,0,2,2,1,1,2,0,2,0,3,0,1,2,3,3,0,0,4,2,4,2,3,0,3,1,2,3,2,3,2,2,2,0,1,2,1,3,1,0,3,0,1,1,3,2,3,0,1
3048,1,1,2,0,2,3,1,3,3,0,0,2,3,0,3,0,0,1,2,0,2,3,0,2,0,1,3,3,3,3,2,2,4,1,3,1,1,0,0,1,3,1,2,2,0,2,0,2,1,2,1,2,0,0,1,1,3,2,0,1,2
539,2,0,2,0,3,3,2,1,1,2,1,3,2,3,1,1,2,1,2,0,0,3,1,0,0,2,1,0,0,0,0,0,1,2,0,1,3,0,3,1,2,1,1,1,0,1,2,1,3,1,0,3,1,1,2,0,1,1,1,0,0
1467,2,2,2,0,1,0,1,1,1,2,2,3,3,3,2,1,3,1,3,0,2,1,1,0,3,0,3,0,0,0,3,0,0,2,3,1,2,1,1,1,0,1,2,2,0,2,1,0,0,3,0,2,2,0,0,0,1,0,2,2,1
205,0,0,0,3,0,0,1,0,0,1,1,2,3,3,1,3,3,3,3,3,1,3,0,0,1,1,1,1,0,0,0,0,1,1,0,2,3,1,0,3,2,2,3,1,1,0,2,2,2,1,3,0,1,0,1,1,0,0,3,1,0
2783,3,1,1,2,1,0,1,0,0,1,1,2,1,2,0,3,1,3,2,2,0,1,0,3,0,2,1,0,1,0,2,2,4,0,2,0,1,3,0,0,3,3,3,3,1,2,3,0,2,3,0,1,2,1,3,2,0,3,0,1,2
3174,2,2,1,1,1,1,2,0,0,1,2,1,0,0,0,1,0,2,0,2,1,3,0,0,3,0,0,0,3,0,4,4,1,2,2,1,1,2,1,1,0,0,1,3,3,0,3,1,1,2,1,0,0,3,1,3,2,0,0,0,2
3086,0,3,3,2,3,2,2,0,1,2,3,2,1,3,1,3,1,2,3,1,0,2,1,3,0,1,0,2,2,1,0,3,0,0,3,1,0,1,1,1,1,3,0,1,0,2,1,0,0,3,2,3,2,0,3,0,0,0,2,1,2
1828,2,1,3,1,0,0,1,2,3,3,1,2,1,1,1,1,0,1,1,0,3,3,0,2,0,2,2,2,1,0,0,4,2,3,0,3,3,1,0,2,3,1,3,0,3,1,2,2,2,0,0,3,0,3,2,0,1,2,3,1,2
2860,3,1,3,3,3,0,0,0,3,0,3,0,3,1,0,3,2,2,0,3,3,0,0,2,2,3,0,2,2,1,2,0,2,3,2,3,0,1,1,1,0,0,3,1,0,2,2,3,2,2,0,3,0,0,0,0,2,0,2,2,2
2106,0,0,2,0,2,1,1,2,1,3,3,2,1,3,3,2,1,0,1,2,1,1,1,2,1,0,2,2,0,3,0,2,2,3,3,1,3,3,0,2,3,0,0,3,0,0,1,2,3,1,2,0,3,1,0,3,1,0,2,1,2
680,2,1,0,0,3,1,1,2,2,3,2,3,2,3,3,0,3,2,3,0,0,1,3,1,1,2,2,2,3,0,0,0,2,3,0,1,0,1,1,1,2,0,2,3,3,2,2,1,1,0,2,0,3,0,1,1,3,3,1,3,0
268,2,1,3,0,3,0,3,0,3,1,0,3,2,3,2,0,3,3,2,3,2,2,0,1,0,1,2,0,2,2,0,0,1,1,0,0,1,3,3,2,0,1,2,1,0,0,2,0,2,1,2,3,0,1,0,3,1,0,2,2,0
2983,1,1,0,0,1,2,1,1,0,2,0,3,0,3,2,2,3,3,1,0,0,2,0,2,3,1,0,1,0,1,2,2,4,2,2,3,1,0,0,0,3,2,3,0,2,1,1,1,3,1,1,3,1,1,1,2,2,1,1,2,2
1644,3,3,0,3,3,3,0,0,1,3,2,3,0,0,0,3,1,0,3,1,2,2,0,2,2,3,3,1,0,1,4,2,0,0,3,1,1,2,3,2,3,2,0,0,1,0,3,3,1,0,3,2,1,3,0,3,2,2,1,0,2
1089,2,1,3,1,1,1,3,0,1,0,3,2,3,3,2,2,3,3,3,3,0,0,1,3,1,3,0,0,0,0,4,3,1,2,1,3,3,3,3,1,0,3,0,0,0,3,2,2,0,1,2,3,1,1,0,1,0,2,1,0,1
1551,1,0,0,3,0,0,3,0,0,1,3,1,3,3,2,3,1,2,1,1,3,0,0,2,2,2,2,0,0,2,4,2,0,0,3,0,3,1,3,1,2,2,1,0,1,1,1,0,3,2,0,1,2,2,0,0,1,3,2,3,2
2770,3,3,0,0,1,0,2,1,1,0,0,0,1,3,2,2,0,1,0,1,3,3,3,2,0,0,3,3,1,2,4,4,2,1,2,2,1,2,1,3,0,2,1,0,0,0,3,3,2,3,3,1,0,3,3,2,3,0,0,3,2
694,2,0,2,0,0,3,2,3,2,1,2,3,2,1,0,3,3,3,3,3,0,1,2,1,2,1,0,1,0,0,0,0,2,1,0,3,1,1,2,2,3,0,1,2,0,0,3,1,1,3,2,1,1,1,0,0,1,3,1,0,0
2222,0,3,1,2,3,3,0,2,0,2,0,0,3,3,3,2,2,0,3,1,2,1,1,2,1,1,2,2,1,0,2,2,2,1,0,2,0,0,2,2,1,2,2,0,0,3,2,1,0,1,1,2,0,3,1,1,3,3,2,0,2
2323,1,1,0,2,3,2,2,3,1,0,1,2,2,3,0,3,3,0,2,0,3,0,0,0,1,1,0,1,2,2,4,3,1,2,3,1,2,1,3,3,3,1,1,1,3,3,1,2,2,0,1,1,0,0,3,0,2,3,2,0,2
2093,0,2,1,1,3,1,1,2,0,2,1,3,0,0,0,0,1,2,3,2,2,2,3,2,1,0,3,0,0,2,4,2,0,2,3,1,0,2,2,2,0,2,0,1,2,3,2,0,1,2,3,0,0,2,2,3,3,2,1,0,2
365,1,0,2,2,0,1,3,2,0,2,3,2,1,1,0,3,0,1,2,1,1,1,3,0,1,1,0,1,0,0,0,0,1,1,0,1,2,0,0,0,2,1,0,1,1,0,1,0,2,4,1,0,3,3,2,1,1,3,2,1,0
1496,3,3,2,3,0,1,1,3,1,0,1,2,3,0,2,0,1,1,0,0,0,0,3,0,1,2,3,0,0,0,0,2,4,2,3,0,1,1,2,3,2,3,2,2,2,0,1,2,0,3,1,0,3,0,0,1,3,2,3,0,1
1764,2,0,3,0,2,3,1,2,1,0,1,2,0,3,0,1,1,2,0,3,0,3,0,2,0,3,0,2,0,0,2,4,1,3,3,1,1,0,0,2,0,1,2,3,0,0,3,2,1,1,0,0,3,1,0,0,3,2,0,1,2
2130,1,2,1,1,1,2,1,3,2,1,0,2,0,2,0,1,0,0,2,3,1,1,3,1,3,3,0,3,1,0,2,4,0,1,0,0,3,0,3,2,3,1,3,0,3,3,1,3,1,3,1,3,3,1,2,3,3,2,2,1,2
2378,1,0,0,1,0,0,3,0,0,3,0,0,2,3,2,3,3,1,1,3,3,2,0,0,2,2,2,2,1,0,3,3,0,3,2,1,2,1,1,2,1,1,2,2,3,1,3,2,3,2,1,0,1,0,3,2,2,1,1,2,2
1160,0,0,0,2,3,2,2,3,0,3,0,3,3,3,2,0,2,1,3,3,2,3,3,3,2,2,2,3,0,0,3,0,1,3,2,3,2,3,1,1,0,2,2,0,2,1,3,1,3,2,1,0,3,3,0,2,0,1,1,2,1
1900,2,2,3,0,3,0,2,3,2,1,1,0,2,0,0,0,3,3,1,0,3,2,0,2,0,3,2,0,3,0,0,2,0,0,0,3,0,3,2,1,3,0,0,0,3,1,2,2,0,0,1,0,1,1,1,1,0,2,2,1,2
3125,1,0,3,1,1,3,2,0,1,0,1,0,3,2,0,2,0,0,0,1,2,1,3,0,2,3,2,3,3,1,3,2,2,2,3,3,2,2,3,3,3,2,0,2,0,0,0,3,0,2,2,3,3,3,3,2,2,1,3,0,2
1637,3,3,2,2,0,1,1,2,0,1,1,1,1,1,1,1,0,0,0,1,0,2,0,0,2,1,1,3,2,2,3,2,4,3,1,0,0,1,0,1,2,2,3,1,2,3,2,3,3,1,2,3,1,3,2,1,0,2,0,0,2
657,1,1,0,0,0,0,1,1,0,0,2,3,0,1,3,2,1,1,3,1,2,2,0,1,1,1,2,0,0,0,0,0,1,1,0,2,0,2,2,3,2,0,3,0,3,1,3,0,3,0,2,1,3,1,0,0,2,3,2,3,0
2411,2,1,3,3,1,3,1,1,1,0,0,2,1,0,1,2,1,0,0,2,3,1,1,0,2,0,3,1,2,2,3,0,0,1,1,0,0,1,0,3,0,2,0,3,3,2,1,0,1,0,3,0,2,2,1,2,3,0,2,3,2
835,1,1,3,2,2,1,3,2,0,3,2,2,0,2,0,1,2,1,3,0,2,2,1,0,2,3,2,3,0,0,2,4,4,1,3,1,1,2,2,3,3,3,0,0,2,1,3,2,3,2,0,1,2,3,3,0,1,1,2,3,1
1875,3,1,0,3,2,2,3,0,0,3,3,0,0,3,3,0,1,0,1,0,0,0,0,1,2,0,0,2,3,1,0,0,1,1,3,1,2,1,2,2,1,3,0,0,2,1,2,2,0,1,2,2,1,1,1,2,2,3,3,1,2
470,2,1,1,1,0,1,3,2,2,2,0,2,3,1,3,1,3,3,1,1,3,1,1,3,0,1,0,0,1,1,0,0,1,1,0,0,3,0,3,1,2,0,3,1,1,1,1,3,1,0,1,2,3,3,3,0,2,3,2,0,0
3103,1,3,2,0,3,1,1,1,2,1,2,1,1,2,1,3,2,1,0,2,0,1,3,0,0,3,0,3,3,0,0,4,0,2,0,2,2,2,2,2,2,1,1,3,3,0,0,1,1,1,2,0,3,0,1,3,2,3,1,1,2
426,0,3,1,2,3,2,1,3,3,2,0,3,2,2,2,1,3,1,0,3,3,1,2,3,2,0,3,1,0,3,0,0,2,1,0,0,0,3,3,0,3,3,1,2,3,3,0,0,0,2,1,1,3,3,0,3,0,2,3,2,0
3155,2,1,3,3,1,2,1,3,1,3,1,1,1,0,1,2,0,3,3,1,0,0,0,1,2,0,2,0,2,2,0,4,4,2,3,0,3,2,1,1,1,2,0,1,0,0,1,0,2,2,3,1,1,2,3,3,0,1,2,0,2
3126,3,0,3,2,2,0,0,0,1,3,2,3,0,3,3,1,0,1,0,0,0,0,2,3,0,2,3,0,2,3,0,0,1,0,0,2,2,3,2,0,2,0,2,3,0,2,2,3,3,2,1,0,2,1,0,3,1,3,2,2,2
608,2,0,3,2,3,2,1,1,2,3,3,1,3,2,1,1,3,3,3,0,1,2,2,2,1,0,2,0,0,0,0,0,2,1,2,0,1,0,0,0,0,3,1,3,2,2,0,2,2,1,0,0,2,3,0,3,1,3,2,2,0
1119,1,0,0,2,2,3,2,3,3,0,3,2,0,3,2,2,2,1,3,0,3,0,3,0,1,0,3,3,0,0,3,4,0,3,0,1,2,1,0,3,2,1,3,3,1,2,2,2,2,3,0,1,1,1,1,1,0,2,1,3,1
2037,1,2,0,0,1,1,0,2,0,1,0,3,2,2,2,2,0,3,2,0,0,1,2,0,1,2,2,1,0,3,4,3,1,3,0,0,0,0,3,0,3,2,3,3,2,3,3,3,1,1,2,0,1,0,0,0,3,2,3,0,2
133,2,2,1,1,1,2,0,3,2,3,1,1,1,3,3,0,3,3,3,1,0,1,2,1,2,1,2,0,3,0,0,0,2,1,0,2,2,3,1,1,2,2,2,2,0,3,2,1,1,3,1,3,1,1,2,0,3,0,3,0,0
457,2,2,2,1,0,0,0,2,0,0,2,3,3,0,3,3,1,0,1,2,2,2,0,2,3,3,3,0,3,0,0,0,1,1,2,0,1,0,2,3,0,3,3,1,1,3,0,0,2,3,2,1,3,2,3,2,1,0,2,1,0
2803,3,0,0,0,2,1,2,3,2,1,1,2,2,1,0,3,2,0,2,0,0,0,2,3,2,2,0,1,1,1,2,4,1,3,1,3,1,0,3,1,2,0,3,2,0,0,0,1,2,1,3,0,1,0,0,1,3,2,0,1,2
715,1,0,2,0,3,2,2,0,3,1,1,1,0,0,3,3,3,2,3,2,3,2,3,2,3,3,0,0,2,0,0,0,2,3,0,0,2,1,0,0,1,2,0,0,3,1,0,1,1,0,1,0,1,2,3,1,3,2,1,2,0
2248,1,1,0,3,1,0,3,2,2,1,2,0,1,0,3,0,2,2,1,3,0,2,0,0,1,3,3,3,1,3,0,2,2,2,2,2,2,3,2,1,2,2,3,2,0,3,3,1,2,3,3,0,0,3,2,3,0,1,3,3,2
2539,1,3,1,3,1,3,3,1,2,0,2,0,1,2,2,2,0,1,3,3,2,0,3,3,1,3,3,2,0,3,4,0,4,1,2,2,0,1,3,3,2,3,3,2,1,3,0,0,3,0,0,1,3,3,0,2,0,3,2,3,2
2606,1,1,1,2,1,0,3,0,2,0,1,3,1,3,1,3,1,1,3,3,3,0,0,1,3,2,3,3,1,3,0,2,4,1,3,0,0,0,3,2,1,2,1,1,3,1,2,3,0,0,1,2,1,0,2,1,2,3,1,1,2
1421,3,1,3,3,0,0,3,3,1,0,3,3,3,3,2,0,2,1,3,0,3,1,3,0,1,2,2,3,0,0,4,0,0,1,3,1,3,1,0,1,3,2,1,2,0,3,3,2,0,1,0,0,0,1,3,2,2,2,3,1,1
2516,3,2,3,1,1,2,0,2,0,2,3,0,0,0,0,2,3,2,3,1,0,0,1,0,2,2,1,1,2,2,3,2,0,1,0,1,0,3,3,3,3,3,3,2,1,3,0,3,0,2,1,2,2,1,2,0,2,3,0,2,2
2331,0,3,0,0,0,1,3,1,2,3,2,2,1,2,1,1,3,2,2,0,3,0,3,2,1,2,2,0,2,2,2,2,0,1,3,0,0,3,3,1,2,2,0,3,2,3,3,1,1,1,3,2,2,0,0,3,2,2,1,2,2
1200,2,2,2,1,0,1,2,0,3,1,2,2,0,3,3,0,3,2,2,0,0,1,1,3,3,2,0,0,0,0,0,0,1,2,3,3,0,1,0,2,1,1,3,1,2,2,1,2,3,0,3,3,2,0,2,0,3,3,0,0,1
1882,0,2,3,1,0,2,1,2,2,3,1,2,3,1,0,3,1,0,0,1,2,1,0,1,3,2,3,1,1,1,3,3,2,2,1,3,0,3,3,0,3,3,3,1,2,0,3,1,2,1,3,3,2,0,3,0,3,1,1,3,2
2395,0,2,0,0,2,3,0,0,1,3,2,0,2,3,3,0,2,0,1,2,1,3,3,3,0,2,3,2,0,0,4,4,4,0,1,0,1,2,2,0,1,3,1,3,2,3,0,1,0,1,0,2,1,1,0,2,0,0,3,2,2
2568,2,3,3,1,2,1,3,2,3,1,2,2,0,3,1,2,1,1,3,0,0,1,2,3,0,2,2,2,0,1,2,0,1,0,0,0,0,2,0,2,3,1,2,1,0,3,2,0,0,2,3,3,2,2,3,1,0,3,1,2,2
1857,0,0,2,0,3,0,2,0,1,2,0,3,2,1,1,1,3,1,0,0,2,3,0,0,0,0,0,1,0,2,0,3,2,0,3,1,1,0,2,1,2,3,0,1,1,1,3,0,1,0,3,3,0,2,2,1,0,2,1,2,2
2699,3,3,2,2,2,3,1,1,2,2,1,1,0,1,3,1,2,3,2,1,2,2,1,2,3,2,1,0,1,3,0,0,1,2,1,3,0,2,2,0,2,1,1,1,0,0,3,1,0,1,3,3,0,0,1,0,0,2,3,3,2
868,3,1,0,1,0,0,0,1,3,2,3,3,3,1,1,2,3,1,2,0,0,1,1,3,0,1,1,0,0,0,3,0,1,1,0,3,2,1,1,0,2,2,1,1,0,0,2,1,3,1,3,1,0,2,2,0,3,1,2,1,1
503,2,0,3,0,1,2,0,3,3,0,3,3,3,2,0,1,2,1,2,2,0,1,2,0,3,2,2,2,0,0,0,0,1,2,0,0,1,0,2,1,2,0,0,3,0,3,3,1,0,2,0,2,3,1,2,1,0,0,2,2,0
904,0,3,1,2,0,1,2,2,0,2,0,3,3,1,3,3,3,1,3,1,2,2,1,0,2,2,3,0,0,0,0,4,4,3,3,1,2,1,1,2,1,2,1,0,3,2,2,1,3,0,2,2,3,1,1,0,2,3,1,0,1
3158,3,1,2,0,2,2,2,0,0,2,2,2,0,3,2,3,3,2,0,3,2,3,0,0,3,0,3,3,2,3,4,2,4,2,3,1,2,1,1,0,2,1,1,0,3,1,3,1,1,0,2,2,1,1,0,0,1,0,3,0,2
504,0,3,2,0,0,1,2,0,0,2,0,1,0,0,1,1,0,3,1,0,1,3,1,0,3,0,0,0,0,0,0,0,1,1,3,0,1,0,0,1,0,0,0,0,1,2,2,1,1,0,0,1,1,3,2,2,2,1,1,0,0
556,0,3,1,2,2,3,3,0,1,1,1,2,1,2,0,2,2,3,3,3,1,2,1,2,3,0,1,3,1,0,0,0,2,1,0,3,0,2,0,3,2,3,0,2,0,0,0,0,1,3,2,3,2,2,2,3,2,0,0,0,0
2285,1,2,0,3,3,2,1,2,0,0,1,2,0,0,3,3,0,3,1,1,3,1,1,2,0,1,1,1,2,2,0,4,2,1,0,1,0,1,3,0,2,0,3,0,0,2,2,1,3,0,0,1,1,0,1,3,3,2,0,0,2
763,2,0,1,0,1,0,0,1,3,0,1,0,0,0,0,2,2,1,2,3,0,1,3,3,3,2,1,0,0,0,4,2,4,3,0,1,1,3,3,3,1,2,2,3,3,1,1,3,1,0,0,2,1,3,3,0,3,1,1,0,1
594,0,2,1,0,2,1,2,3,1,3,0,2,1,3,0,0,0,2,1,1,0,0,2,0,3,3,0,0,3,0,0,0,2,2,0,0,3,1,1,2,1,2,3,0,2,0,0,1,0,1,0,1,0,2,3,0,2,0,0,2,0
2075,1,2,2,3,3,0,2,3,2,0,1,1,3,2,2,3,0,0,1,2,0,0,1,0,1,3,2,1,0,0,2,4,1,0,1,0,0,0,0,1,1,1,2,2,3,1,2,0,1,0,1,3,0,3,2,0,0,2,0,2,2
169,2,2,0,2,3,1,3,0,0,0,0,2,3,1,1,0,1,3,0,1,2,0,3,0,3,3,0,2,3,0,0,0,2,1,0,1,1,0,0,3,1,1,1,1,2,2,0,2,0,1,2,3,0,3,2,1,3,1,3,0,0
2054,2,0,2,0,2,2,3,2,2,3,0,3,2,3,0,2,2,0,3,0,3,3,0,1,2,1,2,2,0,0,3,3,0,0,3,1,2,2,0,0,3,1,0,0,3,3,2,3,3,3,2,3,3,3,2,1,3,2,1,3,2
2157,2,1,0,0,2,1,1,1,0,1,3,2,1,1,2,1,2,3,1,0,2,1,1,3,1,2,0,0,2,1,4,3,1,3,1,3,3,3,1,3,2,1,1,0,1,1,2,2,1,1,1,2,2,0,3,1,2,2,2,2,2
3148,0,3,2,1,2,1,3,2,1,0,2,2,1,1,3,0,3,3,1,3,3,3,3,2,3,2,3,2,2,1,4,3,1,1,0,2,2,3,3,2,3,3,2,2,2,3,0,0,0,2,0,0,2,3,2,1,1,3,3,2,2
2454,2,1,1,2,3,1,1,2,2,3,1,1,1,1,3,3,1,2,3,1,0,3,0,2,0,1,1,1,1,0,4,3,1,1,0,2,0,1,3,3,2,3,0,0,3,3,2,0,3,0,1,2,1,1,0,0,3,1,1,3,2
85,0,3,2,2,1,3,1,0,0,0,0,0,0,0,2,2,2,2,1,2,3,3,1,2,1,2,2,0,0,0,0,0,2,1,3,0,2,2,3,3,3,3,3,0,2,3,0,0,2,3,3,1,3,3,0,3,3,1,1,2,0
1229,2,1,3,1,1,1,3,0,0,2,2,1,2,0,1,3,2,1,3,3,0,2,3,0,3,2,3,0,0,0,4,0,4,3,2,2,2,3,1,1,0,0,0,0,2,1,1,0,3,1,3,3,2,0,0,0,2,0,0,0,1
2479,2,1,3,1,1,1,0,2,1,1,0,2,3,3,0,1,1,0,2,0,1,1,0,0,0,3,0,2,2,1,0,0,1,2,0,1,0,0,2,1,1,1,3,3,1,1,2,1,1,0,2,3,0,1,2,2,2,2,1,1,2
653,3,3,3,3,1,0,2,1,0,0,3,2,0,0,2,1,2,3,3,3,3,3,3,3,1,3,1,0,0,3,0,0,2,1,0,0,2,2,2,2,0,0,3,2,1,3,1,3,2,3,3,2,2,1,3,2,2,0,3,0,0
2446,1,0,0,0,3,3,1,0,1,3,3,1,1,2,0,1,2,0,0,0,3,2,1,3,0,2,2,0,0,0,2,0,4,2,1,3,2,1,1,0,0,0,2,1,1,0,3,3,1,2,0,2,0,2,3,2,1,1,3,2,2
129,3,1,0,2,3,2,2,3,1,2,1,2,0,2,2,0,1,0,1,2,3,0,1,2,0,2,2,1,0,2,0,0,2,1,0,3,2,0,0,2,0,0,2,1,1,1,2,1,1,3,3,0,3,1,2,0,1,1,1,0,0
671,0,1,2,1,2,3,3,0,0,3,1,3,0,2,3,1,0,3,3,1,2,2,1,2,2,0,2,1,0,0,0,0,2,1,0,1,0,1,1,1,3,2,2,3,3,3,3,3,3,2,1,2,3,3,0,2,0,1,3,0,0
1714,2,2,3,2,3,3,0,0,1,1,2,1,1,3,2,1,3,2,3,0,2,1,2,2,2,0,3,1,3,2,2,3,2,1,2,2,1,3,3,0,0,2,3,1,2,1,1,2,1,0,1,1,1,1,3,0,2,0,1,0,2
2866,2,1,3,1,2,2,0,1,3,2,3,3,0,3,2,1,0,2,0,2,1,0,2,3,0,2,1,0,3,1,4,4,4,2,3,3,2,1,3,0,0,0,2,1,1,1,3,3,1,0,0,2,0,1,0,0,2,3,1,2,2
2916,1,2,1,1,2,2,1,2,1,3,1,1,1,2,2,3,0,3,2,0,3,3,0,0,2,1,2,0,3,3,0,2,4,2,1,3,1,3,1,0,0,1,3,2,3,0,0,2,2,3,0,2,2,0,0,3,2,2,0,3,2
1275,2,1,1,1,3,2,0,3,1,0,0,0,2,3,1,1,3,1,2,0,2,1,3,0,3,2,1,0,0,0,0,2,4,2,3,1,2,0,2,2,1,2,3,0,2,1,2,0,3,3,3,1,0,2,0,1,3,0,2,0,1
1967,3,0,3,2,3,2,1,2,0,0,0,2,2,3,3,2,1,1,3,1,3,0,0,2,2,1,0,3,2,0,3,3,4,2,0,3,0,0,0,0,3,1,2,0,3,1,3,1,3,3,1,1,1,0,3,1,3,3,2,3,2
554,1,1,2,0,1,2,1,0,3,0,0,0,0,3,0,3,0,0,1,0,0,0,0,2,3,2,0,0,0,0,0,0,2,3,0,0,0,3,2,2,3,1,3,0,2,2,1,2,0,3,0,3,0,1,0,0,2,3,2,1,0
571,1,1,2,0,3,1,1,0,1,3,1,2,0,1,0,3,2,3,1,1,2,2,1,2,1,1,1,0,3,0,0,0,1,1,0,0,1,2,1,3,1,1,3,0,1,0,1,0,1,1,1,3,0,0,3,0,2,2,2,1,0
2619,0,3,1,0,3,2,1,0,0,2,0,2,2,0,1,1,0,3,0,3,2,2,1,0,1,1,2,2,1,1,4,3,0,2,1,2,2,1,3,1,2,0,1,0,1,1,0,2,3,3,3,1,0,2,3,1,3,1,0,0,2
186,1,0,3,2,1,1,2,1,2,3,2,3,2,0,1,3,2,3,1,3,1,2,3,2,1,3,0,0,0,0,0,0,2,2,3,2,1,0,2,0,1,1,3,0,3,0,1,2,2,1,3,0,1,0,3,1,1,3,0,1,0
20,2,3,1,1,0,1,1,3,1,3,0,2,1,0,1,0,3,3,1,0,0,1,3,1,0,0,1,0,1,0,0,0,1,1,0,0,3,0,0,3,2,0,0,1,1,3,2,2,0,1,3,0,2,0,1,2,2,1,1,1,0
2436,2,0,3,1,0,3,0,0,3,2,2,2,0,3,3,3,3,2,2,0,3,3,1,3,1,2,2,0,3,2,4,3,2,1,3,1,1,3,1,1,0,3,3,2,0,2,0,1,2,0,0,0,1,2,1,2,1,3,1,2,2
200,1,0,0,0,2,2,0,0,3,1,2,0,0,0,0,1,0,0,2,2,1,1,3,3,2,3,2,2,0,3,0,0,1,1,0,3,3,0,0,3,3,2,1,0,2,1,2,1,2,0,2,1,1,1,3,2,2,2,0,0,0
885,0,0,0,1,1,1,1,2,1,2,2,1,2,3,1,1,2,1,2,3,2,1,3,0,3,3,1,0,0,0,0,0,0,2,3,1,1,3,0,1,2,1,2,1,1,2,1,3,1,0,0,1,1,3,0,3,2,0,0,0,1
242,2,2,1,0,2,0,0,1,0,1,0,3,1,0,0,0,0,0,2,3,1,3,1,3,0,2,0,2,0,0,0,0,1,0,0,3,3,1,2,2,3,0,0,0,2,2,2,2,0,3,1,0,1,3,1,1,1,1,1,0,0
1839,2,1,1,3,3,2,0,2,3,1,0,3,2,0,0,1,1,0,2,0,2,1,1,2,0,3,0,3,2,3,0,4,1,3,2,1,0,0,3,3,3,3,1,3,3,3,2,3,3,0,1,2,3,3,0,3,2,2,1,2,2
644,2,0,1,1,1,2,0,0,0,2,0,2,1,1,1,3,3,3,1,3,1,0,2,1,2,3,1,1,0,0,0,0,1,3,0,0,3,1,2,1,2,1,2,2,3,0,2,2,1,0,1,3,2,1,3,1,2,2,2,0,0
545,1,2,1,2,3,0,0,0,0,3,2,3,2,3,3,1,3,1,2,0,2,3,1,2,2,1,3,1,1,2,0,0,1,1,0,0,3,0,1,1,2,0,2,1,2,2,1,0,0,1,0,0,1,3,0,2,1,3,1,0,0
1606,3,3,0,0,1,2,0,0,0,3,0,2,3,1,0,2,1,2,2,0,0,1,1,0,1,3,1,0,3,0,3,3,2,0,1,0,0,3,1,1,1,1,1,2,3,3,2,1,0,2,1,3,0,1,2,1,3,3,2,0,2
2111,2,2,3,2,3,3,1,1,1,3,2,0,2,0,0,3,3,2,3,3,2,1,3,0,1,1,1,1,0,2,4,2,0,2,3,1,1,3,3,0,3,0,2,1,1,2,2,2,3,0,3,3,3,0,3,2,2,2,0,1,2
1272,2,3,3,1,0,1,3,0,0,2,2,1,2,1,1,3,2,1,3,3,0,2,3,0,3,2,3,0,0,0,0,0,1,3,2,2,2,3,1,1,0,0,0,0,2,1,1,0,1,1,3,3,2,0,0,0,2,0,0,0,1
1615,3,2,2,2,1,3,3,1,3,0,0,0,2,0,0,2,2,1,1,3,2,2,0,2,1,3,0,0,3,0,3,0,4,3,0,0,0,3,3,0,3,2,1,1,2,0,2,0,2,2,0,2,1,0,0,2,3,3,0,0,2
3073,0,2,3,3,1,2,1,2,1,2,0,0,2,1,3,0,2,1,0,1,3,3,0,0,1,1,1,1,1,3,4,4,4,2,1,2,1,1,3,3,3,2,3,0,0,0,3,2,2,0,2,2,2,2,3,1,3,1,2,1,2
1948,0,2,2,3,3,3,0,2,0,2,0,1,3,1,2,2,3,2,1,1,3,3,0,2,2,1,1,3,2,2,2,0,1,2,3,0,0,1,2,1,2,2,0,0,2,1,0,0,1,2,1,2,3,3,0,3,1,0,3,3,2
251,3,3,3,1,2,1,2,3,0,2,3,2,1,1,1,3,3,1,2,0,0,2,0,1,3,3,1,0,0,0,0,0,1,1,2,3,1,0,3,2,3,3,3,1,0,2,1,0,2,3,2,2,2,0,0,0,0,0,3,2,0
2057,2,1,0,3,0,1,2,3,0,1,3,0,3,0,3,1,0,3,1,3,2,1,2,1,1,1,2,3,2,1,2,2,3,0,1,0,1,3,1,2,1,1,4,2,1,2,1,3,1,3,2,1,2,3,1,2,3,0,0,2,2
2456,2,1,3,0,0,0,3,3,2,0,0,3,2,1,0,3,1,0,2,1,1,2,3,2,3,3,0,1,0,0,2,4,1,3,3,2,0,1,3,0,2,0,1,0,3,1,3,1,0,2,1,0,1,3,2,3,2,3,1,0,2
3097,3,0,2,0,2,2,2,3,1,0,1,2,1,2,2,2,1,1,2,3,3,2,3,0,1,2,1,1,1,1,3,3,2,2,3,1,0,1,1,3,3,1,3,1,1,0,0,2,2,3,0,0,0,2,0,1,1,3,1,1,2
964,0,0,3,3,3,1,3,0,1,2,2,0,3,3,1,1,2,2,3,0,2,1,1,3,3,3,1,3,0,0,0,4,4,1,0,1,1,1,0,3,3,1,2,1,2,3,3,1,3,3,2,3,2,1,2,3,2,1,3,1,1
2847,2,2,0,3,1,1,1,1,3,3,2,1,3,0,2,2,3,1,0,3,3,2,3,0,1,3,2,2,3,3,3,3,2,3,2,2,0,0,0,2,0,1,2,2,0,2,0,0,1,3,2,3,3,3,2,2,3,1,1,1,2
1885,3,1,3,3,3,0,0,3,3,1,0,3,2,2,1,2,2,1,3,3,0,1,1,3,3,3,1,3,2,3,2,4,0,3,2,2,2,1,1,3,3,3,2,1,0,3,2,1,1,1,0,0,0,0,0,0,2,2,1,1,2
497,0,0,0,3,0,0,1,0,0,1,1,2,3,3,1,3,3,3,3,3,1,3,0,0,1,1,1,1,0,0,0,0,1,1,0,2,3,1,0,3,2,2,3,1,1,0,2,2,2,1,3,0,1,0,1,1,0,0,3,1,0
199,1,2,1,1,2,1,1,0,1,3,0,1,2,0,2,1,2,2,0,2,2,3,1,0,2,1,2,1,0,2,0,0,1,1,0,0,0,0,3,0,0,3,1,2,0,0,1,3,0,3,3,3,2,1,0,2,0,3,1,1,0
987,3,2,3,3,0,0,3,2,1,1,3,3,3,2,1,2,1,1,2,3,1,1,1,2,3,3,1,0,0,0,2,4,0,0,3,0,3,1,0,1,1,3,3,3,0,3,2,3,3,3,1,2,3,1,0,2,1,3,3,1,1
2348,0,3,1,3,0,1,3,2,0,3,0,3,0,1,3,2,1,2,1,3,0,0,0,0,1,2,0,2,3,1,4,3,1,2,0,0,3,0,2,3,0,2,2,0,3,2,0,2,2,1,3,3,0,1,1,2,0,3,0,0,2
2458,1,1,1,3,1,1,1,1,1,3,3,2,2,1,2,0,1,3,2,0,0,0,1,2,1,2,1,3,2,1,4,0,4,2,3,1,2,2,0,3,3,0,3,0,0,2,1,2,2,2,2,1,2,0,3,2,0,2,3,2,2
105,3,1,3,0,2,1,2,1,2,3,0,1,3,1,3,3,2,0,1,1,3,3,1,1,2,1,3,2,2,0,0,0,1,1,0,0,3,3,1,1,1,3,0,3,2,2,2,1,0,1,2,0,2,1,1,3,2,2,1,0,0
3117,0,2,2,1,3,0,2,3,0,2,0,3,2,1,0,2,3,0,2,3,0,0,2,1,0,2,2,3,0,2,2,0,0,2,2,2,1,3,0,1,1,2,1,0,3,1,2,3,1,2,3,0,3,3,2,2,0,3,1,3,2
1399,3,2,2,2,2,0,3,2,3,0,3,1,1,2,1,3,2,1,3,0,2,2,1,0,1,3,1,0,0,0,0,3,1,2,2,2,2,3,1,0,1,2,3,0,1,1,2,3,1,2,1,3,0,2,0,1,0,0,0,0,1
2251,0,2,2,0,3,1,3,2,0,3,1,1,2,1,3,3,0,1,2,2,0,1,2,0,3,3,2,0,0,1,4,3,0,2,3,0,3,3,0,2,2,2,0,3,2,1,0,0,2,2,0,1,0,2,2,1,1,3,2,1,2
509,2,1,3,3,3,1,2,2,2,3,1,2,0,3,1,2,3,2,2,0,0,2,0,2,0,0,2,2,1,0,0,0,2,1,0,3,2,1,1,1,2,0,1,2,3,3,2,1,1,0,3,0,3,2,2,2,2,3,2,2,0
1036,3,3,2,0,0,3,2,3,2,3,2,3,2,3,3,3,0,1,2,3,2,2,3,3,1,2,1,1,0,0,0,0,1,1,1,0,2,2,0,2,3,0,1,3,0,0,3,0,0,1,0,0,1,0,1,3,3,1,0,3,1
1840,3,1,1,0,2,1,1,0,3,0,2,0,0,0,0,3,2,0,2,2,3,2,0,3,0,2,2,1,2,3,0,4,4,0,0,0,0,2,0,0,3,3,0,1,3,3,3,0,0,3,3,1,2,2,3,3,2,0,3,2,2
1122,0,3,0,2,0,3,1,2,3,0,3,3,3,3,2,0,2,2,3,1,2,0,2,0,1,3,1,3,0,0,0,0,1,1,2,2,3,3,0,2,1,1,3,0,2,0,3,3,3,2,1,2,0,3,0,2,1,1,0,1,1
2971,3,0,1,3,0,1,2,3,3,2,0,2,3,3,1,1,3,0,1,0,3,3,0,3,3,0,1,1,3,2,4,2,2,3,3,0,3,0,3,3,1,2,3,2,3,3,1,2,1,1,0,3,3,1,1,0,1,0,3,2,2
800,1,1,3,3,3,3,1,2,1,2,1,3,2,3,1,2,1,0,2,3,1,2,1,3,1,3,0,0,0,0,4,0,0,1,1,1,3,0,3,2,1,1,2,1,2,1,3,1,0,0,2,2,3,1,3,3,1,3,2,3,1
1950,2,2,2,2,2,3,1,2,2,3,3,3,3,1,0,0,3,1,0,2,3,1,2,1,0,1,2,2,1,2,0,3,1,1,0,1,2,2,2,1,2,2,1,2,3,1,1,3,0,3,2,2,1,1,2,1,3,1,3,0,2
1810,2,3,2,0,3,2,0,1,0,3,3,1,0,0,2,2,1,1,2,2,1,0,2,2,2,3,2,2,2,1,3,3,4,3,1,0,1,2,3,2,1,3,0,2,2,0,0,1,3,3,1,0,3,2,2,0,1,1,0,3,2
465,1,1,0,2,0,2,0,2,0,3,1,1,1,1,3,2,1,3,3,1,0,0,0,0,0,2,0,0,1,0,0,0,2,2,3,2,3,1,1,1,1,2,0,2,3,1,2,1,0,0,2,3,2,0,1,1,0,2,3,2,0
1109,2,1,3,1,1,1,3,0,1,0,3,2,3,3,2,2,3,3,3,3,0,0,1,3,1,3,0,0,0,0,4,3,1,2,1,3,3,3,3,1,0,1,0,0,0,3,2,2,0,0,2,3,1,1,0,1,0,2,1,0,1
62,2,2,3,2,2,3,2,3,0,0,3,1,2,3,1,2,1,1,0,1,0,3,2,1,0,1,3,2,2,0,0,0,1,1,0,0,3,2,0,3,2,1,3,2,3,1,0,0,2,0,1,1,0,0,1,3,0,0,0,1,0
1,1,1,0,1,0,1,0,0,1,1,1,1,1,1,0,1,1,0,1,1,1,0,1,0,1,1,1,1,1,0,0,0,1,1,0,1,1,0,0,0,1,1,0,1,0,0,1,0,0,1,1,1,1,0,1,1,1,0,1,1,0
1079,2,1,0,2,1,1,3,3,1,3,0,3,0,2,0,3,0,2,3,3,2,1,1,0,1,3,0,0,0,0,0,0,1,1,3,1,2,1,2,3,2,3,2,2,0,2,2,0,2,3,1,0,1,0,0,2,0,0,2,1,1
669,0,0,0,3,0,1,1,2,0,1,3,1,3,3,2,2,3,1,3,0,2,2,1,3,3,3,0,2,0,0,0,0,2,3,0,2,3,0,0,1,1,3,0,1,0,3,1,2,0,1,3,0,3,3,2,1,0,2,1,2,0
2406,2,1,0,3,3,0,0,2,0,1,2,1,0,0,0,2,1,1,2,0,0,0,2,1,0,2,2,2,2,2,2,4,1,3,3,2,3,3,1,3,2,0,2,1,2,2,2,1,0,1,0,1,1,1,1,1,3,0,3,3,2
307,2,1,1,2,1,2,0,1,2,0,3,3,3,3,3,3,1,1,2,0,2,2,1,0,2,1,3,2,0,0,0,0,2,1,0,2,3,3,1,0,2,2,0,1,1,0,1,2,3,2,3,3,3,1,1,3,0,3,1,2,0
2976,2,2,1,1,2,2,3,3,1,3,0,1,2,3,1,3,2,0,3,3,0,1,0,1,3,1,1,1,0,0,0,2,0,0,1,1,0,2,1,2,0,1,3,0,3,2,3,2,3,1,1,0,1,0,2,3,2,2,1,1,2
2315,3,0,2,1,2,2,2,3,0,3,3,3,3,2,2,3,0,1,3,3,3,2,3,3,1,3,2,3,0,0,4,3,2,0,2,1,3,1,2,2,1,1,1,1,1,0,0,1,2,3,3,3,0,0,0,0,2,0,0,0,2
2023,0,0,0,2,1,1,1,0,0,1,1,0,2,0,3,0,1,2,0,1,3,3,0,3,0,1,3,2,1,2,0,3,2,3,0,3,1,2,1,2,3,3,0,3,3,1,3,3,1,3,0,1,3,3,2,3,3,3,1,3,2
568,0,3,1,1,1,2,1,1,3,3,2,0,1,2,3,1,2,1,0,2,3,0,2,3,1,0,1,1,0,0,0,0,2,3,0,0,3,3,2,0,2,2,0,1,2,1,3,3,1,2,1,2,3,2,0,2,2,1,1,2,0
3071,0,2,1,0,2,2,1,3,3,0,3,0,3,1,1,1,2,3,1,2,3,0,3,2,1,0,0,1,3,0,2,0,4,0,1,0,3,1,3,0,2,0,1,1,2,1,1,3,0,2,3,1,3,3,3,2,3,3,0,2,2
344,2,1,0,1,2,2,2,3,1,3,0,2,3,0,0,1,1,0,2,2,3,2,0,1,3,3,0,0,0,0,0,0,2,1,0,1,3,0,0,2,1,3,1,3,2,3,0,2,0,3,3,1,1,1,2,1,3,0,3,3,0
1746,2,1,1,2,3,0,2,0,3,3,1,2,0,2,0,3,1,2,0,1,0,2,0,1,0,1,0,3,2,1,4,0,4,0,1,3,2,1,1,3,3,2,0,3,3,3,2,1,1,0,2,2,1,2,0,0,3,2,2,3,2
1413,3,2,0,3,3,1,2,1,1,2,3,3,3,1,1,3,3,1,1,0,0,2,1,0,3,3,1,3,0,0,0,4,1,1,2,3,2,0,2,2,3,3,2,1,2,0,1,0,0,3,3,1,2,2,2,1,1,3,1,3,1
1952,1,2,3,1,2,0,0,1,1,2,2,1,1,0,0,1,2,2,3,1,1,3,3,0,2,0,1,0,2,2,3,2,4,3,2,3,0,2,0,2,3,2,2,1,1,1,3,3,0,0,1,1,2,2,1,2,1,1,2,1,2
3144,0,2,1,2,3,1,3,2,1,1,2,1,2,0,0,3,1,0,1,2,2,1,3,0,3,1,0,2,0,0,4,4,0,3,0,3,0,3,2,1,0,0,3,0,1,1,3,1,2,0,1,3,1,0,3,3,0,1,3,1,2
215,1,0,2,3,1,2,2,3,2,1,0,0,2,0,1,1,2,0,1,1,0,1,2,0,1,3,3,0,2,3,0,0,2,1,0,3,3,0,2,1,2,0,0,0,0,3,0,0,2,3,3,1,0,2,3,2,1,3,0,3,0
158,1,3,2,1,0,0,3,3,1,3,2,2,3,3,2,3,3,3,1,2,0,0,2,1,1,0,1,0,0,0,0,0,0,0,0,1,0,2,1,1,2,3,3,0,0,0,3,1,1,2,2,2,1,3,2,0,3,1,1,3,0
3060,1,1,2,2,2,0,3,1,0,0,2,1,1,2,0,0,2,2,1,3,2,0,2,3,1,1,3,3,2,1,3,0,1,1,1,3,0,1,3,3,2,3,3,1,1,2,0,0,1,1,0,1,3,2,3,2,1,0,0,2,2
2817,1,2,0,0,1,1,1,2,1,0,0,2,1,3,2,0,0,2,0,0,2,3,3,1,0,2,1,0,1,0,0,4,4,3,3,3,3,0,2,2,2,3,1,0,0,3,0,2,0,0,2,2,3,0,2,3,1,3,1,0,2
2869,2,2,1,2,3,3,0,0,1,2,0,0,2,0,1,2,1,2,0,1,1,0,2,1,3,0,2,2,1,2,3,3,1,1,1,3,3,3,1,0,0,0,0,3,1,1,1,2,2,1,1,3,2,1,2,0,2,1,2,2,2
2500,3,0,0,0,2,3,3,0,3,1,2,0,1,3,2,2,2,0,3,2,1,1,3,1,3,0,2,0,3,1,2,0,0,0,2,0,1,2,2,2,3,1,1,0,3,1,2,0,3,3,1,2,1,2,1,1,3,1,2,0,2
2236,3,3,3,2,2,3,3,0,0,0,2,0,1,1,0,3,3,3,2,2,0,2,3,0,2,0,3,3,1,1,2,4,4,2,2,1,0,0,3,2,3,2,2,1,2,2,0,0,0,2,2,2,3,2,3,1,2,0,3,1,2
1041,3,1,3,2,3,1,0,1,1,2,3,2,0,2,0,2,2,1,3,0,2,1,1,3,1,1,0,0,0,0,4,4,1,3,2,2,3,0,0,0,3,1,3,1,0,0,1,0,0,1,0,0,3,2,2,1,2,2,2,1,1
2238,2,3,1,2,3,0,3,2,2,2,2,3,1,1,1,3,0,0,3,2,3,3,2,1,2,0,0,2,0,3,4,3,1,1,3,2,1,3,3,3,2,0,0,3,3,1,0,1,0,2,1,0,1,0,3,0,1,0,3,0,2
1887,2,1,1,0,2,3,1,1,1,3,3,0,1,1,3,1,3,2,3,3,2,0,3,3,2,1,2,1,1,0,3,3,2,3,1,1,3,3,1,2,0,3,2,2,3,2,3,1,1,2,0,3,3,3,0,2,2,0,3,3,2
1233,2,1,1,2,0,1,0,2,2,2,3,1,1,3,1,0,3,0,0,1,1,3,1,1,0,1,1,0,0,0,0,0,4,2,1,1,2,0,3,2,1,2,3,0,0,3,2,1,2,0,0,1,1,2,0,2,2,2,2,2,1
1509,1,3,1,1,2,0,0,3,0,0,0,3,2,3,1,2,0,3,2,3,0,2,3,0,1,2,3,0,0,0,2,0,0,2,1,3,3,1,0,0,0,3,0,2,3,0,0,1,1,3,1,1,1,2,2,2,3,0,0,0,1
1361,2,1,0,0,0,1,3,2,0,2,1,2,3,1,1,1,3,0,2,3,0,2,1,3,3,2,0,0,0,0,2,0,1,3,3,1,0,2,0,3,2,0,3,1,0,3,3,1,0,2,2,0,2,0,2,0,0,2,3,0,1
655,1,0,3,0,3,2,1,0,0,1,1,0,3,2,2,0,0,3,3,1,2,3,1,3,2,1,1,1,0,0,0,0,2,1,0,1,3,3,2,0,2,1,1,0,0,3,2,1,0,1,3,3,3,3,0,3,2,0,1,2,0
838,3,2,3,1,2,0,3,3,3,1,2,3,3,1,0,1,1,2,3,3,2,2,1,3,1,3,2,3,0,0,0,3,0,1,0,0,2,1,0,3,1,0,2,1,1,1,3,1,0,1,0,0,3,1,0,2,0,3,2,1,1
811,1,3,3,3,1,0,3,3,2,2,3,3,0,2,1,2,1,2,1,0,0,0,2,0,0,0,0,0,0,0,0,3,0,1,0,2,2,0,0,3,1,3,0,3,2,1,3,2,1,1,2,2,0,2,1,1,0,0,2,3,1
3151,3,3,3,1,3,3,1,2,0,2,0,3,3,3,3,0,0,2,1,2,1,0,2,0,3,0,0,0,0,1,4,0,2,1,1,3,2,1,3,2,0,1,2,3,1,3,3,3,1,2,0,0,2,2,2,0,0,0,0,0,2
1389,0,3,3,3,1,1,3,3,0,3,0,3,3,0,3,3,3,3,3,3,0,0,3,3,1,3,1,3,0,0,0,4,0,2,2,2,3,3,0,2,1,1,3,0,3,3,1,2,2,0,1,0,1,0,1,1,3,2,0,1,1
3082,1,1,1,2,3,2,1,0,0,2,0,3,3,1,3,1,2,1,3,1,2,3,1,2,0,1,0,2,2,3,0,2,4,0,0,1,0,0,3,1,2,0,2,3,1,1,0,0,2,3,3,1,3,0,3,2,2,1,1,3,2
1196,1,2,3,3,1,2,0,1,1,3,0,2,3,1,2,0,3,3,3,3,0,1,2,3,0,0,3,0,0,0,2,2,2,3,2,2,1,2,1,2,0,0,1,3,3,3,3,3,0,2,1,1,2,1,3,0,1,3,2,2,1
833,1,2,3,2,2,0,2,0,3,0,3,3,3,2,2,2,3,1,3,0,0,1,3,3,0,2,1,0,0,0,4,2,2,1,0,2,3,2,1,0,2,0,3,2,3,0,0,2,3,3,2,0,1,2,3,2,3,1,3,0,1
1225,2,1,1,1,3,2,0,3,1,0,0,0,1,3,1,1,3,1,2,0,2,1,0,0,3,2,1,0,0,0,0,2,4,2,3,1,2,0,2,2,1,2,3,0,2,1,2,0,3,3,3,1,0,3,2,1,2,0,2,0,1
474,0,3,1,1,1,2,3,1,0,0,1,3,2,1,3,0,1,2,1,1,3,0,0,2,0,2,2,0,0,0,0,0,2,1,0,3,2,3,1,1,2,0,3,0,2,1,2,3,1,3,1,1,1,1,3,1,0,2,3,0,0
1312,0,0,2,1,0,1,0,0,3,0,3,1,3,1,2,0,3,3,2,0,1,1,3,0,3,0,0,0,0,0,2,2,4,2,3,1,3,0,1,0,1,0,1,2,3,0,1,2,0,3,2,2,3,0,2,2,0,1,2,1,1
788,1,1,2,0,1,2,1,0,0,0,1,1,3,1,1,3,2,3,3,0,2,3,1,0,1,3,3,0,0,0,4,0,0,1,1,3,0,2,2,1,0,0,1,1,0,2,0,2,3,2,2,2,0,0,1,1,3,2,2,1,1
1227,2,3,1,1,1,0,0,1,0,0,3,3,3,3,2,0,0,3,3,0,2,2,1,0,1,3,2,0,0,0,4,2,0,2,3,1,1,0,3,0,2,2,2,3,0,3,1,1,2,0,0,3,0,0,0,1,1,1,2,1,1
646,0,2,2,0,2,1,2,3,3,0,1,0,0,3,2,1,0,3,2,2,3,3,2,3,3,0,1,1,0,2,0,0,2,0,0,3,3,1,2,3,2,0,2,1,1,3,2,2,0,1,3,1,1,3,1,1,1,1,1,2,0
1096,2,0,0,1,2,2,2,0,0,2,3,1,0,3,0,0,2,3,2,3,2,1,1,0,3,3,0,0,0,0,4,4,0,0,1,2,3,3,1,2,3,0,2,2,0,0,3,2,3,3,2,1,0,0,1,2,2,0,0,0,1
1546,1,3,0,3,0,0,3,0,2,0,3,3,1,0,3,3,0,3,3,2,1,0,1,2,0,0,3,3,2,2,3,0,0,0,3,0,3,3,3,0,1,2,1,1,3,2,3,3,2,0,0,1,2,2,2,2,2,0,1,2,2
2393,3,3,3,2,3,2,0,1,0,3,3,3,0,2,1,2,2,2,2,3,3,1,2,3,0,0,2,3,0,2,3,0,1,0,0,0,3,1,3,2,1,2,3,2,1,1,0,1,2,3,3,2,2,1,1,2,0,0,2,3,2
1871,3,3,1,2,2,2,3,3,2,2,0,3,1,1,3,1,3,2,0,2,1,3,2,0,2,3,3,1,1,3,4,0,0,1,1,3,0,0,2,2,1,3,3,2,2,3,1,0,3,0,2,2,2,3,1,1,1,0,1,3,2
2296,1,2,3,3,0,3,1,1,1,3,1,0,1,1,0,2,1,1,2,3,1,2,3,2,2,3,0,1,1,2,0,4,1,0,0,2,0,1,0,2,1,2,3,1,1,1,1,2,2,2,2,3,3,2,1,1,3,1,1,0,2
3123,1,1,1,0,0,1,1,0,2,0,1,2,0,0,0,0,3,3,2,1,1,3,0,0,1,1,0,0,1,0,2,0,2,2,1,1,2,1,0,0,2,1,2,1,1,0,1,0,0,2,2,3,0,1,3,1,0,2,1,0,2
1328,3,3,2,1,0,3,2,0,1,0,0,0,3,1,1,1,3,3,2,3,0,2,1,0,3,3,2,0,0,0,3,0,4,3,1,1,2,1,1,0,0,2,3,1,2,1,0,3,0,2,3,1,1,2,2,2,2,1,0,3,1
1829,3,3,0,1,0,0,1,1,3,0,2,1,1,0,3,3,0,2,1,2,2,1,3,2,0,3,1,1,0,2,2,4,2,0,1,2,0,3,3,3,0,2,3,0,3,1,2,3,3,0,3,3,3,2,0,2,3,0,3,3,2
2303,1,1,3,2,3,3,1,0,2,2,3,0,1,1,2,3,2,0,3,2,3,1,0,2,2,2,1,0,3,3,2,4,4,3,2,2,3,0,3,1,3,3,0,3,1,3,2,1,2,2,1,0,0,2,3,3,3,1,2,3,2
523,2,2,0,3,0,2,3,0,0,0,0,2,1,1,1,2,0,2,0,1,1,1,3,0,2,1,3,1,0,0,0,0,2,1,1,3,2,1,0,2,3,0,3,0,2,1,2,3,1,3,1,3,0,0,3,0,1,0,3,1,0
1452,2,0,3,1,1,1,1,1,0,0,1,0,0,3,2,1,0,3,2,3,2,1,3,0,1,2,1,3,0,0,0,0,1,1,1,0,1,2,0,1,2,0,2,1,3,3,0,1,2,3,2,1,0,3,2,0,3,1,3,3,1
1977,0,2,2,1,3,3,2,0,0,0,0,3,0,3,3,0,3,3,1,3,0,2,0,1,3,3,3,0,2,2,4,3,0,1,1,1,0,0,3,0,2,0,1,3,3,1,3,1,1,1,2,1,0,0,3,0,3,0,2,2,2
721,1,2,1,2,1,3,2,0,1,3,0,0,0,0,2,2,3,3,2,1,1,3,2,2,2,0,1,1,3,0,0,0,1,1,0,0,0,2,0,3,2,1,2,1,3,1,3,1,0,1,2,3,0,1,2,3,2,0,1,0,0
3085,2,0,0,1,0,1,3,0,3,3,2,0,1,2,3,0,3,1,0,1,3,2,3,3,0,2,2,2,3,1,4,0,0,1,1,0,1,2,2,1,3,3,3,2,1,3,3,2,3,1,0,0,0,3,0,2,3,0,3,1,2
808,3,0,3,1,1,2,2,0,0,1,0,2,1,3,3,1,0,3,2,3,1,1,3,0,1,3,1,0,0,0,4,0,0,0,0,1,1,0,0,3,2,0,3,1,0,3,2,2,2,2,2,3,2,0,0,1,0,2,1,2,1
216,2,3,1,0,2,2,2,1,2,2,3,1,1,3,1,1,0,0,0,2,1,2,3,0,1,1,2,2,0,0,0,0,2,1,0,3,1,2,1,1,2,1,3,1,0,2,2,3,1,0,2,3,3,0,1,2,1,2,1,0,0
2942,2,1,0,2,3,3,2,1,0,3,1,3,2,0,0,3,2,3,2,3,2,2,1,3,3,0,3,1,0,2,4,4,2,1,2,2,2,3,3,0,1,3,3,2,3,1,2,0,1,0,0,2,1,1,3,0,2,2,1,2,2
973,3,1,1,1,0,3,0,0,1,0,0,3,1,0,1,2,3,3,1,1,0,1,1,0,3,3,2,0,0,0,2,4,4,2,1,1,1,1,1,2,3,2,2,0,2,0,3,0,0,1,2,1,1,3,2,0,2,0,3,1,1
90,1,0,1,1,2,2,2,3,1,3,3,2,3,3,1,3,0,3,1,3,1,3,2,0,2,3,2,2,0,3,0,0,1,2,0,2,1,0,0,2,1,0,0,0,0,0,3,3,1,0,1,1,1,1,2,0,1,3,1,0,0
1665,1,3,2,1,3,1,1,1,2,0,1,1,1,3,2,0,1,2,0,2,1,0,2,1,2,3,0,3,2,3,3,4,0,0,1,2,2,3,1,3,0,2,1,2,2,3,3,0,3,1,0,2,0,2,3,2,0,0,2,1,2
314,2,1,1,2,1,2,2,1,2,0,2,2,1,1,1,1,0,3,1,1,0,0,3,0,2,3,1,1,2,0,0,0,2,1,0,1,1,3,0,2,1,1,1,0,1,0,0,2,0,1,3,1,0,0,3,0,1,1,3,3,0
94,2,0,2,2,0,1,2,0,1,0,1,2,2,0,0,0,1,2,0,0,2,1,1,2,1,2,2,3,2,0,0,0,2,3,0,1,1,2,1,1,2,0,1,2,3,3,2,0,1,0,2,2,1,1,3,0,1,3,1,1,0
27,0,0,3,2,2,2,0,0,1,3,2,2,0,1,1,0,0,0,1,2,1,0,3,1,2,2,1,0,0,0,0,0,1,1,0,0,3,1,0,2,1,0,2,2,2,0,1,0,0,3,3,3,2,1,2,2,2,2,2,1,0
1745,3,0,1,0,0,3,0,2,3,1,1,1,0,0,3,1,0,2,0,2,0,1,0,2,0,3,0,3,1,1,3,2,4,3,3,0,2,1,1,2,3,3,3,0,1,0,3,2,3,0,0,1,0,2,2,3,3,2,2,3,2
1529,3,3,3,3,0,1,2,2,1,2,3,2,1,1,1,1,2,3,2,0,1,0,0,3,2,1,1,3,1,0,0,4,0,0,2,1,2,1,1,2,2,1,2,1,3,0,1,3,0,1,0,1,1,0,1,1,2,2,2,2,2
1594,0,3,1,3,0,0,2,3,0,2,3,0,1,0,3,0,2,2,2,2,3,0,2,2,1,3,3,2,2,1,0,3,1,2,2,0,3,1,2,1,2,3,0,0,3,0,2,2,0,3,1,1,3,3,3,1,1,0,3,0,2
2924,1,3,1,1,2,2,2,1,1,2,3,3,0,0,0,0,2,3,3,3,1,0,0,0,1,2,2,1,3,0,2,4,1,3,0,2,3,1,2,0,0,0,2,1,2,0,2,1,3,2,1,1,0,3,1,3,3,2,2,3,2
1008,2,2,0,2,1,3,1,0,1,1,2,3,2,3,3,2,2,3,3,3,2,1,3,3,0,3,2,3,0,0,0,2,2,0,3,2,0,0,2,1,2,0,0,3,3,3,2,1,3,3,0,3,3,0,3,0,3,3,1,0,1
998,1,0,3,1,0,1,1,3,1,2,3,2,1,3,2,1,2,0,2,3,0,2,1,3,3,3,0,0,0,0,2,0,0,2,2,0,2,3,3,3,2,3,2,3,0,0,0,0,1,0,1,0,1,0,1,1,3,0,3,3,1
2043,1,2,0,0,2,2,1,1,3,3,2,0,1,2,3,1,3,1,1,1,1,0,2,3,3,2,3,1,2,3,3,4,0,1,2,3,3,1,3,3,2,3,0,3,2,1,2,3,0,1,3,3,2,2,1,3,3,2,1,3,2
880,3,0,3,3,0,0,0,3,1,3,0,2,0,0,1,1,3,1,2,0,0,1,3,0,3,0,1,0,0,0,0,0,0,2,2,3,1,3,2,1,1,1,1,0,0,3,3,3,0,2,1,2,2,0,0,0,0,2,2,2,1
34,2,0,3,1,1,2,0,0,0,2,0,2,1,1,1,3,3,2,1,3,1,0,2,1,2,3,1,1,0,0,0,0,1,3,0,0,3,2,0,3,3,3,2,1,1,1,1,2,2,0,0,0,0,2,2,3,1,0,0,0,0
1033,2,2,3,2,3,2,0,1,3,3,3,1,3,3,2,2,2,0,2,3,2,2,1,3,1,3,3,1,0,0,0,2,4,3,2,1,0,1,2,1,1,3,0,2,0,0,0,1,3,3,3,0,2,2,2,1,0,2,2,2,1
1293,2,3,1,1,0,0,0,1,0,0,3,3,3,3,2,0,0,3,3,0,2,2,1,0,3,2,2,0,0,0,4,3,0,2,3,1,1,3,3,0,2,2,2,3,0,3,1,1,2,0,0,3,2,0,0,1,1,1,2,1,1
483,0,0,2,3,3,1,3,0,1,0,1,2,0,1,1,2,1,0,2,0,2,2,0,0,1,1,1,3,2,1,0,0,1,1,0,0,0,2,1,0,2,2,2,0,0,0,1,1,1,0,0,2,1,1,1,3,2,2,1,0,0
378,2,2,0,0,0,2,1,1,2,2,0,1,1,0,3,3,0,0,0,0,3,3,1,2,0,2,0,1,0,0,0,0,2,1,0,1,1,2,0,1,0,2,1,1,3,0,2,2,3,3,3,0,1,1,0,2,2,0,3,0,0
1153,1,3,1,3,1,3,3,1,3,1,3,2,1,3,3,2,2,1,3,1,2,0,2,3,1,0,3,0,0,0,2,0,4,3,3,0,3,1,2,1,0,2,1,3,3,1,3,2,0,1,2,2,0,1,0,3,2,3,1,2,1
3001,1,2,2,2,2,0,0,1,1,3,1,0,1,3,1,2,0,3,3,1,1,3,2,2,3,3,2,0,3,0,4,3,4,3,0,2,3,1,0,1,0,2,2,1,2,0,0,1,3,0,2,3,3,3,2,0,3,2,2,2,2
2933,1,0,3,1,2,1,1,0,0,2,2,2,0,0,3,2,2,0,2,2,1,3,1,2,3,3,0,2,0,2,2,4,4,3,2,1,1,3,1,0,0,0,3,3,3,1,1,3,3,2,2,2,0,2,0,0,0,1,3,0,2
501,0,2,0,2,1,0,0,3,2,1,2,2,2,2,0,3,2,1,2,0,0,2,3,3,3,3,1,1,1,0,0,0,1,1,0,3,2,0,0,3,2,0,1,0,0,0,0,3,1,2,2,2,0,0,1,1,0,2,1,0,0
897,2,2,2,1,0,1,2,3,2,3,2,2,0,3,1,2,1,3,2,3,0,2,0,0,3,3,1,0,0,0,4,3,4,3,3,1,1,0,2,2,1,0,0,1,0,2,1,1,0,1,0,1,1,3,2,0,1,3,2,2,1
1982,1,3,2,0,3,1,3,3,0,1,3,2,0,1,3,1,3,1,0,1,2,0,1,3,0,2,2,0,3,0,0,4,1,0,1,3,1,2,1,1,0,2,0,1,0,0,3,3,1,1,0,0,0,2,0,1,0,2,1,1,2
2714,1,1,1,0,1,0,2,1,0,1,1,1,0,0,2,0,1,0,0,3,0,1,1,1,3,0,0,0,3,0,3,3,1,2,1,3,3,1,1,2,0,0,1,0,0,2,2,1,1,0,2,1,1,1,3,1,1,0,0,1,2
2438,1,1,0,3,2,2,1,2,2,3,3,1,1,3,3,2,2,0,0,2,3,3,0,2,0,1,0,0,0,0,4,4,2,0,0,2,2,2,1,0,0,1,3,2,2,2,2,1,3,0,2,2,1,3,1,1,0,0,1,0,2
4,2,0,2,1,2,2,2,0,1,2,0,0,2,1,2,1,0,3,2,0,3,3,0,2,2,2,2,2,0,1,0,0,1,1,0,0,3,2,0,2,1,1,1,2,0,0,1,1,1,1,2,3,2,2,2,3,1,0,2,2,0
1277,3,1,2,1,1,2,1,1,3,0,3,3,0,2,0,3,3,1,2,3,2,1,1,0,0,3,0,0,0,0,4,4,0,1,3,1,1,3,3,0,2,2,2,3,0,3,1,1,2,0,0,3,0,0,0,1,1,1,0,1,1
2272,0,2,2,0,1,1,2,0,3,3,0,0,1,0,0,0,0,3,1,3,1,0,2,0,1,2,3,3,2,1,3,0,4,0,1,0,2,2,1,1,1,3,0,1,2,0,3,1,2,2,3,1,0,0,0,2,2,2,0,0,2
2553,3,1,2,3,2,1,3,3,3,2,0,3,0,2,2,1,2,0,3,1,3,2,3,3,3,3,1,3,0,1,3,2,2,0,1,0,0,2,2,3,3,3,3,1,2,1,2,3,0,2,2,2,1,2,2,0,0,2,1,1,2
1747,1,3,1,0,2,2,0,0,1,2,0,0,2,3,1,1,3,1,2,3,0,2,3,0,3,2,2,2,0,1,3,2,4,2,3,3,3,0,2,2,3,1,2,1,1,0,1,2,2,1,0,0,1,0,3,0,2,0,2,0,2
2319,1,1,2,0,2,0,3,2,0,2,3,3,3,0,3,1,2,0,2,2,0,1,2,0,2,0,0,3,3,1,3,3,4,2,1,1,0,2,0,0,2,1,1,1,1,1,2,2,0,2,0,1,3,0,1,3,3,1,1,3,2
1263,1,0,0,0,0,0,0,0,0,0,3,2,3,3,3,2,1,3,3,3,0,1,3,1,3,2,0,0,0,0,3,0,0,0,1,1,1,0,0,0,0,3,2,1,2,1,2,0,0,3,2,3,1,1,0,0,2,0,0,0,1
2923,0,3,1,3,3,1,1,1,3,1,0,2,0,0,3,3,3,1,0,3,0,1,1,3,0,3,0,1,1,3,3,3,2,1,1,3,1,0,0,2,3,0,0,1,2,1,2,3,2,0,2,0,2,1,3,1,1,1,2,2,2
2227,3,2,2,3,1,1,1,3,1,3,1,1,1,0,0,3,0,1,0,1,3,3,0,3,3,3,0,1,2,1,3,4,2,1,0,3,0,3,1,0,0,2,3,3,1,1,0,2,3,2,0,1,1,2,0,1,3,2,2,3,2
1450,0,0,0,0,1,0,3,2,0,3,1,1,1,1,0,1,0,3,3,1,0,2,0,1,1,1,1,0,0,0,3,2,4,0,0,1,2,1,1,3,1,3,2,1,0,1,3,1,1,0,2,2,1,3,0,0,2,3,1,3,1
803,3,3,1,3,1,1,2,0,0,3,0,2,0,3,2,2,2,3,3,3,0,1,1,3,1,2,1,0,0,0,0,3,1,2,1,3,1,0,1,1,2,2,0,0,0,2,3,0,0,2,0,2,3,1,2,3,0,0,1,1,1
2092,3,1,2,3,1,0,3,1,3,0,0,2,0,3,3,1,2,2,2,3,0,2,3,0,1,2,2,0,3,2,3,2,2,3,2,0,2,0,0,0,3,3,3,3,1,1,3,1,3,1,0,1,2,0,3,2,2,0,0,3,2
1506,0,3,1,3,0,3,1,1,1,0,1,2,3,3,2,2,1,1,3,0,3,0,3,0,1,2,3,0,0,0,0,2,4,2,3,0,3,1,2,3,2,3,2,2,2,0,1,2,3,3,1,0,3,0,1,1,3,2,3,0,1
1184,3,0,2,3,2,3,3,1,0,2,2,0,3,1,1,3,2,1,1,3,3,1,3,3,1,2,2,3,0,0,4,4,4,0,2,1,2,3,1,0,0,3,2,1,0,3,3,3,0,3,2,2,0,0,0,0,2,1,0,0,1
2819,0,0,3,3,1,2,2,0,0,2,0,2,0,3,0,3,0,0,1,0,3,0,0,1,2,1,1,1,0,0,2,2,0,1,2,1,2,1,3,3,2,2,1,2,0,3,3,3,3,2,1,2,0,2,3,2,1,3,1,3,2
1336,3,3,0,2,0,0,3,3,3,1,1,0,1,0,3,2,2,1,3,1,2,2,1,3,1,0,3,3,0,0,0,4,2,2,2,3,3,3,1,3,0,1,1,0,0,2,2,0,1,3,0,0,2,3,0,3,2,1,0,0,1
1730,2,0,3,0,0,3,0,0,2,1,0,1,0,0,0,1,2,0,1,3,3,3,1,2,0,1,3,1,2,2,0,3,2,0,3,2,2,1,2,2,3,3,2,1,2,2,3,2,0,2,1,0,1,3,1,1,3,2,1,1,2
294,2,2,2,0,0,1,1,1,0,2,0,0,2,1,2,1,0,2,3,3,0,1,1,3,1,1,0,0,0,0,0,0,2,2,1,0,0,3,2,0,1,3,0,3,1,1,2,0,1,3,1,1,0,3,0,3,3,0,0,0,0
2768,0,3,1,0,3,1,3,3,2,2,2,1,0,2,0,0,1,3,3,0,0,1,2,0,1,1,3,1,1,2,0,2,2,1,0,3,3,0,2,1,0,1,1,3,2,2,2,1,1,1,2,3,1,1,2,3,0,2,2,3,2
2891,2,3,0,3,1,0,2,1,1,3,3,0,3,2,3,1,0,2,3,3,2,3,3,0,2,2,3,3,3,0,3,0,1,3,1,3,0,1,0,0,1,3,3,2,3,2,2,1,1,3,3,3,2,2,1,1,0,2,2,3,2
2630,3,0,3,2,3,1,3,3,3,0,0,3,0,0,0,2,3,2,2,3,0,0,0,0,2,3,1,0,0,1,4,2,2,3,0,1,1,3,1,1,0,1,2,3,3,3,3,3,2,1,2,3,2,2,3,2,1,1,2,1,2
2660,0,0,0,0,1,1,2,2,1,0,0,0,2,3,1,1,0,0,2,0,0,0,2,1,3,2,1,1,1,1,2,2,2,3,3,3,1,0,3,0,1,1,2,3,3,0,0,2,1,0,2,1,2,3,0,1,1,0,3,0,2
2831,2,3,1,2,1,0,1,2,3,2,0,2,1,1,3,0,3,1,2,1,1,1,3,1,3,2,3,0,2,3,2,2,2,2,3,3,3,3,0,0,1,1,3,1,2,1,3,2,3,1,1,3,2,2,1,2,2,0,3,0,2
1367,0,0,0,0,2,2,2,0,1,3,2,1,3,1,1,1,3,3,2,3,1,2,1,3,3,3,0,0,0,0,2,0,0,2,2,0,3,1,0,0,2,1,2,1,3,2,1,0,1,1,3,3,0,2,1,1,0,2,1,0,1
1919,2,2,1,0,2,2,2,3,3,2,0,0,1,0,2,2,0,1,2,0,3,2,3,2,0,2,3,0,0,2,0,2,0,2,0,0,1,3,1,3,2,0,2,1,0,0,3,0,1,1,0,1,3,3,0,2,2,3,3,1,2
841,3,2,3,3,2,0,3,1,0,2,2,2,1,0,2,2,3,1,3,3,2,0,3,1,1,3,2,0,0,0,3,0,0,3,2,0,3,3,3,3,3,3,1,3,2,0,1,0,0,3,3,0,2,1,2,3,3,2,3,0,1
2338,0,2,1,2,0,3,3,2,0,0,3,3,0,1,0,3,2,1,2,0,0,1,0,2,0,1,3,2,1,2,0,0,4,0,0,2,0,1,1,2,1,2,2,1,2,1,0,0,0,1,0,0,3,3,2,3,1,3,2,3,2
2986,3,1,0,3,3,2,0,2,2,2,2,1,2,1,0,3,2,0,0,2,3,1,2,3,3,0,1,1,2,2,3,3,1,3,3,2,0,3,3,0,2,0,1,3,1,0,0,2,3,0,0,0,0,0,0,0,3,2,2,3,2
2905,0,3,3,3,2,2,0,1,3,1,3,2,0,2,2,0,1,3,1,2,1,3,0,2,2,1,1,3,1,1,4,3,2,3,2,2,2,3,0,0,3,2,2,1,1,2,2,1,1,1,1,0,0,3,0,3,2,3,3,3,2
1796,2,3,3,3,3,1,2,0,3,2,0,1,1,2,3,1,3,3,0,0,0,2,3,1,1,2,1,3,2,1,3,2,2,1,1,3,1,2,3,3,1,3,1,1,0,2,2,3,1,3,1,3,0,3,0,0,0,2,1,3,2
2327,2,2,2,3,3,3,1,2,3,1,1,2,3,1,0,3,0,2,0,2,1,2,0,2,1,1,1,0,3,0,0,3,1,1,2,3,3,3,1,0,3,0,0,3,3,2,0,3,2,0,0,0,1,1,3,3,1,3,1,2,2
1002,0,2,1,1,1,0,3,0,1,0,2,0,0,3,1,2,2,1,2,0,0,2,1,0,3,3,1,0,0,0,2,4,4,2,3,3,3,3,1,1,2,0,3,2,1,0,1,3,1,0,3,2,2,3,3,3,3,2,2,3,1
852,2,0,2,0,2,2,0,0,1,0,1,1,0,2,1,2,3,1,2,0,0,2,1,0,3,2,0,0,0,0,0,3,4,3,3,1,1,1,1,3,0,1,0,2,3,2,2,1,3,2,2,3,1,0,0,1,0,2,3,0,1
3028,1,0,3,1,0,1,0,2,3,2,0,0,1,1,1,1,2,3,2,0,0,2,1,0,2,2,1,1,2,3,0,2,1,2,3,1,0,2,0,3,1,1,2,2,3,3,2,1,3,1,2,1,0,3,2,1,0,3,0,1,2
2999,3,3,0,3,1,3,1,2,0,0,2,2,1,2,2,0,1,3,1,2,1,0,2,2,2,1,3,1,1,2,0,2,2,1,3,2,1,1,3,3,3,1,3,0,3,1,3,0,0,1,2,2,1,1,0,0,2,2,1,3,2
2659,2,0,3,1,2,2,2,3,1,3,1,2,3,3,3,0,2,1,2,2,1,2,3,0,2,1,1,0,2,3,0,0,4,2,2,3,1,3,0,0,2,1,1,1,2,2,1,3,1,2,1,3,0,0,3,0,1,2,3,2,2
555,3,0,0,2,3,2,3,0,1,0,1,1,2,1,3,3,3,3,2,0,3,0,0,2,0,3,0,1,3,0,0,0,1,1,0,3,3,1,0,2,3,2,1,3,3,3,3,2,3,2,2,1,0,0,3,1,3,3,0,0,0
2663,2,3,3,3,1,2,1,2,0,2,3,1,1,0,3,0,0,1,3,3,3,3,1,0,2,3,3,1,3,0,3,4,2,1,3,0,3,0,0,3,1,2,1,3,1,2,2,1,3,1,3,1,2,1,2,0,1,1,0,3,2
2114,1,3,2,3,1,2,3,0,0,0,1,2,3,1,0,0,0,0,0,2,3,2,0,3,1,3,2,0,1,0,0,0,0,1,1,2,1,1,1,0,2,3,0,2,3,0,0,1,1,2,1,2,3,1,3,0,3,3,0,0,2
2621,0,0,3,1,2,3,0,3,2,0,1,1,3,2,3,2,1,3,2,3,0,1,3,0,0,0,2,3,1,1,3,2,0,3,1,2,1,2,0,3,0,2,2,3,1,0,0,3,1,1,3,0,1,0,3,2,1,0,2,2,2
768,2,1,3,1,1,2,0,2,1,0,1,0,0,3,1,1,0,3,0,3,0,2,0,1,3,2,3,0,0,0,0,2,0,2,0,1,3,2,1,2,3,0,2,1,0,0,2,1,3,2,1,1,0,2,0,2,2,0,1,2,1
786,2,1,3,3,0,3,2,1,2,2,1,2,2,3,1,1,1,0,2,3,3,2,3,0,1,2,0,0,0,0,2,0,0,1,3,1,2,2,1,1,0,3,0,3,1,1,3,0,3,3,2,0,0,0,2,1,2,0,0,1,1
1970,2,2,2,0,2,1,2,1,3,0,0,0,2,0,3,3,2,2,1,2,1,1,2,2,2,0,3,2,2,2,0,3,0,2,2,1,2,2,3,2,1,3,3,3,2,0,1,3,3,1,0,3,0,3,0,3,2,1,3,3,2
1048,1,3,2,2,1,0,1,3,3,3,3,3,1,2,2,3,2,1,1,3,2,0,3,3,2,3,0,3,0,0,0,3,1,1,3,1,0,1,1,0,2,1,2,2,1,1,3,1,1,0,0,2,3,2,0,3,3,0,0,2,1
1559,1,1,3,1,0,1,0,2,1,0,1,1,2,2,3,1,1,3,1,0,0,1,0,0,1,1,0,2,2,2,2,0,1,2,1,3,1,2,1,2,3,1,3,2,0,2,2,1,0,3,2,0,1,0,3,0,2,0,0,1,2
1679,1,2,1,2,2,0,2,2,0,0,1,1,2,1,0,3,2,0,2,3,2,1,2,3,0,3,0,1,0,1,0,0,1,3,0,2,3,2,2,2,0,0,2,2,3,0,0,0,0,3,2,1,2,1,1,1,0,1,3,0,2
2789,2,2,3,2,1,3,3,3,2,3,3,1,3,1,0,1,0,2,1,1,0,1,1,2,2,0,2,1,3,3,0,0,4,2,2,1,0,2,0,2,1,3,0,3,3,1,3,3,3,2,2,1,0,3,2,2,2,0,0,3,2
1244,3,1,0,1,0,3,0,2,3,2,0,3,2,2,2,2,2,1,0,3,2,1,3,2,3,3,1,0,0,0,0,2,2,3,3,3,2,0,3,1,3,0,2,1,0,3,2,1,1,1,3,3,2,1,0,2,2,3,1,2,1
554,1,1,2,0,1,2,1,0,3,0,0,0,0,3,0,3,0,0,1,0,0,0,0,2,3,2,0,0,0,0,0,0,2,3,0,0,0,3,2,2,3,1,3,0,2,2,1,2,0,3,0,3,0,1,0,0,2,3,2,1,0
453,0,0,1,1,0,2,2,0,3,1,0,3,2,1,3,0,1,0,2,1,3,3,0,2,3,1,1,0,2,2,0,0,1,1,0,0,1,2,2,1,2,1,2,1,1,0,1,2,0,3,3,2,1,2,1,1,2,0,2,1,0
3005,2,3,1,2,1,2,2,1,2,1,0,2,3,0,3,2,2,3,1,3,3,0,2,1,0,0,3,2,2,2,2,0,1,2,3,2,3,0,2,2,3,3,3,3,1,2,1,3,1,3,1,3,2,2,3,0,1,0,3,3,2
1524,1,1,1,0,2,2,0,3,2,0,0,3,2,0,2,2,1,0,3,0,0,0,0,0,1,3,3,2,3,1,2,4,4,3,1,1,1,0,2,0,1,1,2,2,3,3,3,2,3,0,1,0,1,0,0,2,2,2,1,0,2
1162,1,0,2,0,2,2,2,3,3,0,0,3,0,0,1,1,3,1,0,1,2,2,0,2,1,1,0,0,0,0,4,0,4,0,1,2,0,0,0,1,3,0,0,2,3,2,2,1,2,3,1,2,0,2,1,2,2,1,1,0,1
1655,3,3,2,0,0,0,3,0,0,1,3,2,0,2,2,0,0,2,3,0,3,1,1,3,0,3,0,2,1,2,2,0,4,3,2,3,3,3,0,3,1,0,0,0,2,2,1,0,2,1,0,0,1,3,1,0,1,0,0,0,2
2440,1,3,2,0,3,0,0,2,1,3,1,0,1,1,3,0,1,2,1,1,3,2,3,3,3,3,0,1,0,0,4,3,4,3,3,2,3,0,2,1,1,1,3,0,2,3,1,2,1,2,1,3,0,0,3,0,1,0,1,3,2
1681,1,2,1,1,1,0,1,3,0,1,1,2,3,1,0,2,1,0,1,1,3,3,2,1,2,0,1,3,2,2,0,4,0,3,2,2,2,3,3,3,0,3,1,3,1,3,0,1,3,3,3,1,0,2,1,2,3,0,2,1,2
982,3,1,1,1,0,3,0,0,1,0,0,3,1,0,1,2,3,3,1,1,0,1,1,0,3,3,2,0,0,0,2,4,4,2,1,1,1,1,1,2,3,2,2,0,2,0,3,0,0,1,2,1,1,3,2,0,2,0,3,1,1
2482,2,1,3,2,3,0,0,2,1,1,1,2,2,1,1,0,0,2,0,1,2,3,0,0,0,1,1,2,1,1,3,2,1,3,3,1,2,1,2,0,1,3,2,1,0,1,2,2,0,1,2,3,1,0,1,3,0,3,0,1,2
2666,3,0,3,3,3,1,3,3,3,3,3,3,2,2,2,0,1,1,3,2,3,2,3,3,0,2,2,0,3,1,3,3,1,3,1,0,0,2,1,1,2,0,0,0,0,2,2,1,1,0,1,1,2,1,1,2,0,3,1,1,2
137,3,1,1,3,3,2,3,2,2,0,3,2,3,1,2,1,1,2,3,0,1,2,1,3,1,1,0,1,0,0,0,0,2,1,2,2,3,2,1,1,2,2,3,0,3,1,3,1,3,2,3,1,1,1,2,0,3,2,0,2,0
2816,2,1,1,3,3,2,0,2,0,1,1,0,2,3,3,0,0,1,2,0,3,0,0,3,1,3,2,2,2,0,0,3,1,0,3,0,2,3,3,1,1,3,0,2,3,2,2,0,1,3,3,0,3,1,2,0,2,2,3,2,2
1708,2,1,3,2,0,1,1,1,3,1,3,0,2,0,2,3,3,3,1,2,3,0,2,2,2,3,0,1,2,3,3,2,0,1,2,0,0,2,0,2,1,3,0,2,3,1,3,0,0,3,2,1,0,0,2,3,0,3,3,2,2
2396,2,2,3,2,2,3,3,3,3,1,3,1,0,2,3,1,3,3,3,1,1,2,1,3,1,0,1,0,3,0,0,3,2,2,2,1,1,2,1,1,2,0,1,1,2,0,0,1,3,2,2,1,1,1,3,0,1,3,1,3,2
1732,0,2,3,3,3,3,0,3,3,1,2,3,3,2,2,3,1,3,1,1,3,3,2,2,2,2,0,3,1,0,3,3,2,2,3,0,3,3,0,0,0,0,1,0,2,1,3,3,2,0,3,0,3,3,1,1,3,2,0,0,2
2928,2,1,2,0,3,2,2,0,0,3,1,2,1,0,0,0,3,1,0,3,1,1,2,0,2,3,2,3,3,0,3,2,4,3,3,0,1,0,2,2,2,0,2,0,3,1,1,3,3,1,1,3,3,1,2,1,3,3,1,0,2
2301,0,0,2,2,1,2,3,1,1,2,3,3,3,3,2,3,2,3,2,0,2,1,3,0,1,1,3,1,1,1,3,0,0,0,0,1,2,1,3,0,3,3,2,1,0,3,2,2,3,2,1,2,0,3,2,3,2,0,0,2,2
799,2,0,0,3,0,3,2,3,0,3,1,1,2,0,0,0,1,3,3,0,2,3,3,0,3,2,1,3,0,0,0,0,2,0,0,3,2,3,2,2,3,3,0,1,3,1,1,3,2,1,2,2,0,1,0,0,3,0,2,3,1
2912,1,2,1,2,3,2,0,0,0,1,1,1,1,0,0,0,2,0,0,3,1,2,1,0,0,0,0,2,0,0,0,4,1,2,2,3,1,2,1,1,1,1,2,2,3,1,3,1,1,1,2,2,3,1,2,1,2,2,3,0,2
2184,1,1,3,2,3,2,2,0,0,2,1,2,3,3,3,0,1,3,2,0,1,3,1,2,1,1,1,2,1,0,2,2,2,2,3,2,2,1,2,3,1,3,0,0,2,3,3,2,0,2,2,0,2,1,2,2,2,3,2,1,2
1601,2,0,2,0,1,2,0,1,3,0,0,3,0,1,3,1,2,0,0,3,2,0,3,1,0,1,2,0,3,0,2,4,1,0,1,2,2,0,1,3,3,0,2,1,2,3,2,1,2,1,0,3,0,0,1,3,2,2,2,2,2
1536,2,2,1,3,3,0,2,1,3,1,2,3,3,2,2,1,0,1,0,1,3,3,0,2,2,1,2,3,0,2,3,4,4,0,3,2,0,0,0,3,1,3,1,3,3,2,3,0,3,1,3,3,3,1,0,1,0,1,1,0,2
555,3,0,0,2,3,2,3,0,1,0,1,1,2,1,3,3,3,3,2,0,3,0,0,2,0,3,0,1,3,0,0,0,1,1,0,3,3,1,0,2,3,2,1,3,3,3,3,2,3,2,2,1,0,0,3,1,3,3,0,0,0
892,2,1,1,1,1,1,3,0,1,0,1,0,0,0,1,3,3,1,2,3,0,1,1,0,3,3,0,0,0,0,4,3,1,0,3,1,2,1,1,1,2,2,2,1,0,3,3,2,3,0,2,3,0,0,0,0,1,1,3,0,1
3049,2,0,3,2,3,2,0,2,0,2,0,3,1,1,0,0,3,2,1,1,0,0,0,3,0,1,2,3,3,1,3,2,0,0,3,1,0,2,0,2,3,1,2,1,2,1,2,3,3,0,1,0,0,0,0,0,2,1,3,3,2
758,1,2,0,3,1,2,2,1,1,1,3,1,2,0,2,1,3,1,0,2,1,0,2,3,1,3,1,1,1,0,0,0,2,1,0,0,1,2,3,3,2,0,1,3,1,0,0,0,2,0,0,1,1,2,3,2,0,0,2,2,0
1513,0,2,2,1,1,0,3,2,3,0,1,3,0,2,1,1,2,1,3,0,3,2,1,3,3,0,3,0,0,0,2,0,0,2,1,3,3,1,3,0,0,3,0,2,3,0,0,1,1,3,1,2,0,0,2,2,0,3,0,0,1
693,2,0,2,0,1,1,1,3,0,1,1,2,1,2,1,0,0,3,0,2,1,3,0,1,3,0,0,3,3,3,0,0,2,1,0,0,0,1,1,2,3,3,0,2,0,2,0,1,1,1,0,1,0,3,1,2,1,3,0,1,0
3121,1,3,1,0,0,1,3,3,2,1,1,1,1,3,3,3,1,1,2,1,2,3,1,3,1,3,0,1,1,0,2,2,4,2,1,2,3,1,1,0,2,0,0,3,2,1,2,3,3,0,0,2,1,2,2,0,1,1,0,0,2
675,0,0,3,3,3,0,0,3,0,1,0,2,3,2,0,2,1,3,1,0,3,3,1,0,2,1,1,1,3,0,0,0,2,1,0,3,3,3,1,3,2,1,3,2,3,0,3,1,1,1,3,0,1,3,0,1,3,2,1,1,0
1773,2,1,1,0,0,0,3,3,1,0,0,0,3,1,0,1,2,0,3,0,0,2,3,0,2,1,0,2,3,1,3,0,0,2,1,3,2,3,3,3,2,1,1,0,1,1,2,0,1,1,3,1,3,0,2,1,0,0,2,3,2
2283,0,0,0,3,3,1,3,2,3,1,0,0,1,3,3,2,0,0,3,1,3,0,2,0,3,2,1,0,3,1,3,2,4,1,3,2,2,3,3,0,0,3,1,1,2,3,3,3,1,3,3,2,1,0,3,0,2,2,2,3,2
1436,0,2,0,0,1,0,0,1,1,0,2,1,1,2,0,1,3,3,3,3,2,0,3,3,1,3,2,0,0,0,4,4,2,0,2,0,0,0,2,0,1,2,3,1,2,2,0,1,1,2,1,3,2,1,3,0,2,3,3,2,1
2577,1,3,1,0,0,1,0,3,1,3,3,1,2,3,0,1,3,3,2,1,3,0,1,0,3,3,1,2,3,1,2,0,1,2,1,2,1,2,0,3,1,0,0,0,3,1,1,0,0,3,1,0,0,0,1,2,2,1,2,1,2
229,2,1,0,1,2,2,2,3,1,3,0,2,3,0,0,2,1,0,2,2,3,2,0,1,3,3,1,0,0,0,0,0,2,1,0,1,3,0,0,2,1,3,1,3,2,3,0,2,0,1,3,1,2,1,2,0,1,1,2,3,0
2856,0,3,0,2,1,0,3,1,0,3,2,0,3,2,2,2,0,2,1,2,2,2,3,2,2,3,2,0,2,2,3,0,2,3,2,2,2,3,0,0,0,2,1,1,1,1,3,2,2,3,3,1,3,3,2,3,3,0,3,3,2
2958,0,2,1,1,1,2,2,1,2,3,2,0,2,0,1,1,0,1,0,2,1,3,2,0,1,3,1,3,3,0,0,2,0,0,3,1,1,2,1,1,1,3,1,0,3,1,1,0,0,2,0,0,0,3,2,3,1,3,0,2,2
3061,3,3,2,2,2,3,1,3,0,0,3,3,1,2,1,2,1,2,3,3,3,0,0,3,1,1,2,0,3,2,4,4,0,1,2,0,3,0,2,1,0,3,3,2,3,1,0,1,3,1,2,2,3,0,3,0,0,0,3,1,2
3100,2,1,0,1,3,3,2,2,3,2,0,3,2,3,0,0,1,0,2,1,3,3,1,3,0,2,3,2,0,0,0,2,4,3,3,3,3,1,3,1,2,2,0,1,1,1,2,1,0,1,1,0,0,2,1,0,1,2,1,3,2
2973,1,0,2,3,0,3,3,0,3,2,3,1,1,1,3,2,3,2,0,0,3,3,3,2,3,2,3,2,1,2,3,2,0,2,2,1,1,3,0,0,2,2,1,0,2,1,2,3,3,0,0,0,1,3,3,2,0,0,3,0,2
1164,1,1,2,1,2,1,3,2,0,1,3,3,0,0,2,2,2,2,1,3,2,0,1,0,3,3,3,0,0,0,0,0,1,1,0,2,3,0,3,0,0,0,1,0,0,3,2,1,2,0,1,3,0,3,0,1,0,0,3,0,1
1283,0,2,3,0,3,0,0,3,1,0,0,0,3,2,2,2,2,3,2,3,0,1,1,3,1,2,1,3,0,0,3,3,0,1,2,1,1,3,1,0,2,0,3,0,2,0,3,1,2,0,3,2,0,0,1,3,2,1,1,3,1
3017,0,0,3,3,3,3,3,2,0,3,1,1,0,0,1,1,2,1,0,1,1,3,1,3,1,2,1,0,3,0,2,2,1,2,2,0,1,0,2,2,3,1,2,1,0,2,1,3,1,0,0,2,1,1,2,0,3,0,0,0,2
586,2,2,3,1,3,1,3,3,1,2,0,1,3,0,1,0,2,0,0,0,2,1,3,1,1,2,1,1,0,0,0,0,2,1,0,0,3,0,2,1,2,0,2,2,2,0,1,0,2,2,1,2,1,2,1,1,0,0,2,3,0
2243,3,1,3,1,0,3,2,1,1,3,2,3,1,0,2,3,0,1,0,1,1,0,0,2,3,3,2,3,0,2,2,4,0,2,3,1,2,0,2,1,3,1,1,3,0,3,0,0,3,0,0,3,3,1,0,2,1,1,3,1,2
2254,0,0,3,2,1,1,3,3,0,3,3,2,0,3,0,3,1,2,0,3,0,1,0,1,2,1,0,2,2,3,0,0,1,2,1,2,1,0,0,2,0,2,0,3,2,1,3,1,1,2,0,0,1,3,3,1,3,2,1,0,2
1145,2,0,0,2,2,1,3,0,3,2,3,1,2,3,2,2,3,1,2,3,0,2,1,3,1,3,0,0,0,0,4,0,1,1,3,3,3,0,2,1,1,1,2,0,2,3,2,2,0,1,2,3,0,1,0,0,3,3,0,0,1
3145,2,0,2,3,3,1,1,0,1,3,3,3,0,0,0,1,2,2,1,1,3,3,0,2,0,1,3,0,0,0,4,0,0,1,1,3,2,0,3,2,3,0,1,3,3,0,2,0,1,2,3,0,3,1,0,1,2,0,0,1,2
775,0,3,1,3,0,3,1,1,1,0,1,2,3,3,2,2,1,1,3,0,3,0,3,0,1,2,3,0,0,0,0,2,4,2,3,0,3,1,2,3,2,3,2,2,2,0,1,2,3,3,1,0,3,0,1,1,3,2,3,0,1
2673,3,2,2,3,0,0,0,0,1,2,2,3,3,2,0,0,1,0,1,0,3,1,3,3,3,2,1,0,1,1,2,3,0,0,0,1,1,3,1,1,0,1,2,1,3,0,0,0,0,3,2,1,1,3,0,3,2,2,2,2,2
1908,1,2,1,1,2,3,1,2,3,1,2,3,1,2,3,2,0,1,3,3,1,2,3,3,2,3,0,1,0,2,3,3,4,0,2,1,2,2,1,3,0,0,1,3,2,3,3,0,3,1,3,0,3,2,3,2,0,1,3,3,2
1388,2,2,0,0,2,3,1,3,2,3,0,2,0,2,0,2,1,3,3,3,2,2,0,3,3,2,1,0,0,0,4,3,2,1,2,1,1,3,2,2,3,0,2,1,3,2,2,0,1,2,2,1,1,1,3,0,2,2,3,2,1
2634,2,3,3,2,2,3,1,3,3,3,2,1,0,0,2,3,0,3,3,1,1,1,0,1,2,0,3,0,2,1,4,3,2,3,0,0,1,2,2,0,0,1,1,0,1,3,2,1,1,3,3,3,1,2,0,0,3,1,1,0,2
2716,0,2,2,1,1,2,1,2,2,0,1,1,3,2,3,3,0,2,0,0,2,1,3,0,3,2,2,0,1,3,0,0,0,1,3,1,1,0,0,3,3,3,3,3,1,1,1,3,1,3,2,2,3,3,3,0,0,1,3,2,2
